Palabra,Nula[%],Baja[%],Media[%],Alta[%],PFA,Categoría
abundancia,0,0,50,50,0.83,Alegría
acabalar,40,0,60,0,0.396,Alegría
acallar,50,40,10,0,0.198,Alegría
acatar,50,40,10,0,0.198,Alegría
acción,30,30,30,10,0.397,Alegría
aceptable,0,20,80,0,0.594,Alegría
aceptación,0,20,50,30,0.696,Alegría
acicate,10,50,40,0,0.429,Alegría
aclamación,10,10,10,70,0.799,Alegría
aclamar,10,10,10,70,0.799,Alegría
acogedor,0,0,50,50,0.83,Alegría
acoger,0,10,60,30,0.729,Alegría
acomodadamente,0,10,60,30,0.729,Alegría
acuciar,30,60,10,0,0.264,Alegría
acucioso,50,40,0,10,0.232,Alegría
adecuar,30,50,10,10,0.331,Alegría
adicto,20,30,50,0,0.429,Alegría
admirable,10,0,40,50,0.764,Alegría
admirablemente,10,10,20,60,0.765,Alegría
admiración,10,10,20,60,0.765,Alegría
admirar,10,10,30,50,0.731,Alegría
admitir,10,40,30,20,0.53,Alegría
adorable,0,0,30,70,0.898,Alegría
adorablemente,0,10,20,70,0.865,Alegría
adoración,0,30,10,60,0.765,Alegría
adorador,0,40,20,40,0.664,Alegría
adorar,0,20,30,50,0.764,Alegría
afable,10,0,60,30,0.696,Alegría
afán,10,0,40,50,0.764,Alegría
afectivo,0,0,40,60,0.864,Alegría
afecto,0,10,10,80,0.899,Alegría
afectuosamente,0,0,10,90,0.966,Alegría
afectuosidad,0,0,20,80,0.932,Alegría
afectuoso,0,0,30,70,0.898,Alegría
afervorizar,0,30,20,50,0.731,Alegría
afición,0,10,60,30,0.729,Alegría
aficionar,0,30,60,10,0.595,Alegría
afortunadamente,0,10,30,60,0.831,Alegría
afortunado,0,0,20,80,0.932,Alegría
agradable,0,10,10,80,0.899,Alegría
agradar,0,20,20,60,0.798,Alegría
agradecer,0,10,50,40,0.763,Alegría
agradecido,0,20,30,50,0.764,Alegría
agudeza,40,30,20,10,0.331,Alegría
aguzar,70,10,10,10,0.199,Alegría
ahínco,0,20,40,40,0.73,Alegría
ahíto,20,20,30,30,0.564,Alegría
airoso,20,30,10,40,0.565,Alegría
alabar,20,20,40,20,0.53,Alegría
alborozar,0,10,10,80,0.899,Alegría
alborozo,0,10,10,80,0.899,Alegría
alegrar,0,0,10,90,0.966,Alegría
alegre,0,0,0,100,1,Alegría
alegremente,0,0,0,100,1,Alegría
alegría,0,0,0,100,1,Alegría
alentar,0,20,40,40,0.73,Alegría
aliviar,0,10,50,40,0.763,Alegría
alivio,0,10,50,40,0.763,Alegría
allegar,20,60,10,10,0.364,Alegría
alma,20,50,20,10,0.397,Alegría
altivo,70,20,10,0,0.132,Alegría
altruismo,10,30,50,10,0.529,Alegría
alzar,40,40,10,10,0.298,Alegría
amabilidad,0,0,80,20,0.728,Alegría
amable,0,0,70,30,0.762,Alegría
amablemente,0,0,70,30,0.762,Alegría
amante,10,10,30,50,0.731,Alegría
amar,0,10,10,80,0.899,Alegría
amartelado,0,0,10,90,0.966,Alegría
amartelar,10,10,30,50,0.731,Alegría
amativo,0,20,30,50,0.764,Alegría
amatorio,0,20,10,70,0.832,Alegría
ambición,10,50,40,0,0.429,Alegría
ambicioso,20,50,30,0,0.363,Alegría
amigabilidad,0,0,30,70,0.898,Alegría
amigable,0,0,30,70,0.898,Alegría
amigablemente,0,0,40,60,0.864,Alegría
amigo,0,0,30,70,0.898,Alegría
amistad,0,0,10,90,0.966,Alegría
amistosamente,0,0,30,70,0.898,Alegría
amistoso,0,0,10,90,0.966,Alegría
amor,0,0,10,90,0.966,Alegría
amorosamente,0,0,20,80,0.932,Alegría
amorosidad,0,0,30,70,0.898,Alegría
amoroso,0,0,30,70,0.898,Alegría
amuleto,30,40,10,20,0.398,Alegría
anhelo,40,30,30,0,0.297,Alegría
animación,0,40,50,10,0.562,Alegría
animado,0,10,20,70,0.865,Alegría
animar,0,10,40,50,0.797,Alegría
ánimo,0,0,40,60,0.864,Alegría
animoso,0,0,50,50,0.83,Alegría
anticipar,50,30,20,0,0.231,Alegría
apaciguar,40,40,10,10,0.298,Alegría
apasionadamente,0,30,40,30,0.663,Alegría
apasionamiento,0,20,50,30,0.696,Alegría
apasionante,0,20,20,60,0.798,Alegría
apego,0,50,20,30,0.597,Alegría
apetecer,20,50,30,0,0.363,Alegría
aplaudir,0,10,40,50,0.797,Alegría
aplauso,0,10,50,40,0.763,Alegría
apreciar,0,30,50,20,0.629,Alegría
aprobación,10,20,50,20,0.596,Alegría
aprobar,0,40,20,40,0.664,Alegría
aprobatorio,0,40,0,60,0.732,Alegría
aquietar,50,50,0,0,0.165,Alegría
ardiente,40,20,40,0,0.33,Alegría
ardor,50,30,10,10,0.265,Alegría
armonía,0,0,40,60,0.864,Alegría
arreglar,20,60,20,0,0.33,Alegría
arrobo,20,10,30,40,0.631,Alegría
arrojo,30,30,40,0,0.363,Alegría
asombro,20,40,40,0,0.396,Alegría
atracción,0,30,40,30,0.663,Alegría
atractivo,0,20,50,30,0.696,Alegría
atraer,10,30,20,40,0.631,Alegría
atrayente,10,40,30,20,0.53,Alegría
atrayentemente,10,50,20,20,0.497,Alegría
autocomplacencia,10,20,40,30,0.63,Alegría
autorización,20,50,20,10,0.397,Alegría
autorrespeto,20,20,20,40,0.598,Alegría
autosatisfacción,10,0,30,60,0.798,Alegría
autosatisfecho,0,0,60,40,0.796,Alegría
autosuficiencia,0,20,30,50,0.764,Alegría
ávido,50,40,10,0,0.198,Alegría
avivar,30,40,30,0,0.33,Alegría
benefactor,10,20,60,10,0.562,Alegría
beneficencia,0,40,40,20,0.596,Alegría
beneficiado,0,0,50,50,0.83,Alegría
beneficiar,0,10,60,30,0.729,Alegría
beneficio,0,0,30,70,0.898,Alegría
beneficiosamente,0,10,40,50,0.797,Alegría
beneficioso,0,0,40,60,0.864,Alegría
benéfico,0,10,30,60,0.831,Alegría
beneplácito,10,40,20,30,0.564,Alegría
benévolamente,0,60,40,0,0.462,Alegría
benevolencia,0,60,40,0,0.462,Alegría
benevolente,0,40,60,0,0.528,Alegría
benévolo,10,30,60,0,0.495,Alegría
benignamente,30,30,10,30,0.465,Alegría
benigno,30,30,10,30,0.465,Alegría
bien,10,0,30,60,0.798,Alegría
bienandanza,10,10,20,60,0.765,Alegría
bienaventurado,0,10,30,60,0.831,Alegría
bienaventuranza,0,40,30,30,0.63,Alegría
bienestar,0,0,20,80,0.932,Alegría
bienhechor,0,10,70,20,0.695,Alegría
bienquerencia,0,10,60,30,0.729,Alegría
bienquerer,0,0,70,30,0.762,Alegría
bizbirondo,0,10,10,80,0.899,Alegría
blando,40,60,0,0,0.198,Alegría
blandura,60,40,0,0,0.132,Alegría
bondad,0,20,50,30,0.696,Alegría
bondadosamente,0,20,50,30,0.696,Alegría
bondadoso,0,10,50,40,0.763,Alegría
bonhomía,20,20,60,0,0.462,Alegría
brillante,10,10,50,30,0.663,Alegría
brío,20,30,40,10,0.463,Alegría
brioso,20,30,40,10,0.463,Alegría
bromear,0,10,30,60,0.831,Alegría
bueno,0,0,30,70,0.898,Alegría
bullanguero,10,20,30,40,0.664,Alegría
bullicioso,0,40,20,40,0.664,Alegría
burla,40,20,30,10,0.364,Alegría
burlar,30,30,20,20,0.431,Alegría
cabal,40,40,20,0,0.264,Alegría
calidez,0,20,70,10,0.628,Alegría
cálido,20,40,30,10,0.43,Alegría
caliente,40,40,20,0,0.264,Alegría
calmado,50,30,20,0,0.231,Alegría
calor,70,30,0,0,0.099,Alegría
calurosamente,50,10,20,20,0.365,Alegría
camaradería,0,40,30,30,0.63,Alegría
campante,10,30,50,10,0.529,Alegría
captivar,20,40,30,10,0.43,Alegría
capturar,70,30,0,0,0.099,Alegría
carcajada,0,0,20,80,0.932,Alegría
caridad,0,40,30,30,0.63,Alegría
cariño,0,0,40,60,0.864,Alegría
cariñosamente,0,20,30,50,0.764,Alegría
cariñoso,0,0,50,50,0.83,Alegría
caritativo,0,40,30,30,0.63,Alegría
cautivador,0,20,70,10,0.628,Alegría
cautivadoramente,0,30,60,10,0.595,Alegría
cautivar,0,40,50,10,0.562,Alegría
celebrar,0,10,0,90,0.933,Alegría
celo,70,20,10,0,0.132,Alegría
celosamente,80,20,0,0,0.066,Alegría
celoso,90,10,0,0,0.033,Alegría
chancear,10,20,20,50,0.698,Alegría
chanza,20,20,20,40,0.598,Alegría
chotear,10,30,10,50,0.665,Alegría
choteo,20,20,30,30,0.564,Alegría
chulear,0,30,50,20,0.629,Alegría
clemente,40,40,20,0,0.264,Alegría
cogida,60,30,0,10,0.199,Alegría
cogollo,80,20,0,0,0.066,Alegría
colmar,70,10,20,0,0.165,Alegría
colosal,10,50,30,10,0.463,Alegría
cómodamente,0,30,50,20,0.629,Alegría
comodidad,0,20,60,20,0.662,Alegría
cómodo,0,10,70,20,0.695,Alegría
compañerismo,10,0,50,40,0.73,Alegría
compasión,30,40,20,10,0.364,Alegría
compasivo,10,60,20,10,0.43,Alegría
compatibilidad,0,60,30,10,0.496,Alegría
compatible,10,40,50,0,0.462,Alegría
compatiblemente,10,70,20,0,0.363,Alegría
compensación,30,50,10,10,0.331,Alegría
complacencia,10,10,60,20,0.629,Alegría
complacer,0,20,40,40,0.73,Alegría
complacible,10,10,70,10,0.595,Alegría
complacido,0,0,40,60,0.864,Alegría
complaciente,10,0,50,40,0.73,Alegría
comprensivo,0,40,50,10,0.562,Alegría
concernir,80,20,0,0,0.066,Alegría
condescender,20,50,30,0,0.363,Alegría
condescendiente,20,40,40,0,0.396,Alegría
condimento,70,30,0,0,0.099,Alegría
condolencia,60,40,0,0,0.132,Alegría
confiado,40,30,30,0,0.297,Alegría
confirmación,20,50,30,0,0.363,Alegría
confirmar,10,70,20,0,0.363,Alegría
confort,10,20,50,20,0.596,Alegría
confortable,0,30,40,30,0.663,Alegría
confortablemente,0,30,60,10,0.595,Alegría
confortación,10,30,50,10,0.529,Alegría
confortador,10,40,40,10,0.496,Alegría
confortar,0,50,40,10,0.529,Alegría
confraternidad,0,20,40,40,0.73,Alegría
congeniar,0,20,70,10,0.628,Alegría
congraciar,0,20,80,0,0.594,Alegría
congratular,0,30,20,50,0.731,Alegría
conmiseración,80,20,0,0,0.066,Alegría
conmover,50,50,0,0,0.165,Alegría
conquista,20,30,40,10,0.463,Alegría
consenso,20,60,20,0,0.33,Alegría
consentimiento,10,60,30,0,0.396,Alegría
consideración,10,60,30,0,0.396,Alegría
considerar,10,60,30,0,0.396,Alegría
consolación,20,50,20,10,0.397,Alegría
consolador,40,30,20,10,0.331,Alegría
consolar,20,50,20,10,0.397,Alegría
consuelo,20,40,30,10,0.43,Alegría
consumar,30,40,20,10,0.364,Alegría
contemporizar,50,50,0,0,0.165,Alegría
contentar,0,0,70,30,0.762,Alegría
contento,0,0,10,90,0.966,Alegría
copiosidad,10,20,60,10,0.562,Alegría
copioso,20,20,60,0,0.462,Alegría
corazón,30,40,30,0,0.33,Alegría
cordial,0,30,50,20,0.629,Alegría
cordialidad,0,30,40,30,0.663,Alegría
cordialmente,0,10,60,30,0.729,Alegría
cortesía,0,10,70,20,0.695,Alegría
cosquillear,0,20,30,50,0.764,Alegría
cosquilleo,0,20,30,50,0.764,Alegría
crecer,0,60,20,20,0.53,Alegría
cuidar,30,40,30,0,0.33,Alegría
culminación,30,40,10,20,0.398,Alegría
culto,40,40,20,0,0.264,Alegría
cumplido,20,10,60,10,0.529,Alegría
cumplimentar,30,40,20,10,0.364,Alegría
cumplir,20,20,50,10,0.496,Alegría
decorativo,10,70,20,0,0.363,Alegría
dedicar,10,40,50,0,0.462,Alegría
deferencia,0,50,50,0,0.495,Alegría
deleitar,0,0,60,40,0.796,Alegría
deléitese,0,10,70,20,0.695,Alegría
delicadeza,40,40,20,0,0.264,Alegría
delicado,50,50,0,0,0.165,Alegría
delicia,0,30,40,30,0.663,Alegría
desagraviar,50,30,20,0,0.231,Alegría
desahogo,10,70,20,0,0.363,Alegría
desear,10,60,30,0,0.396,Alegría
desempeñar,20,30,40,10,0.463,Alegría
desempeño,20,10,60,10,0.529,Alegría
desenvoltura,40,40,20,0,0.264,Alegría
deseoso,30,40,10,20,0.398,Alegría
despenar,50,10,40,0,0.297,Alegría
despertar,50,40,10,0,0.198,Alegría
despreocupación,0,50,30,20,0.563,Alegría
devoción,10,50,20,20,0.497,Alegría
devoto,20,30,40,10,0.463,Alegría
dicha,0,30,20,50,0.731,Alegría
dichosamente,0,20,30,50,0.764,Alegría
dichoso,0,20,10,70,0.832,Alegría
dignificar,10,40,50,0,0.462,Alegría
dilección,10,30,40,20,0.563,Alegría
disfrutar,0,0,50,50,0.83,Alegría
disfrute,0,0,30,70,0.898,Alegría
divertidamente,0,0,10,90,0.966,Alegría
divertidísimamente,0,0,0,100,1,Alegría
divertido,0,0,0,100,1,Alegría
divertir,0,0,10,90,0.966,Alegría
divinizar,20,50,30,0,0.363,Alegría
divino,10,30,40,20,0.563,Alegría
donaire,30,20,50,0,0.396,Alegría
dulce,10,20,60,10,0.562,Alegría
dulzura,10,10,50,30,0.663,Alegría
edificante,20,30,30,20,0.497,Alegría
edificar,40,10,50,0,0.363,Alegría
efusión,30,10,40,20,0.497,Alegría
efusivamente,10,0,50,40,0.73,Alegría
efusivo,10,0,40,50,0.764,Alegría
ejemplo,60,10,30,0,0.231,Alegría
elección,50,20,30,0,0.264,Alegría
elegante,50,30,20,0,0.231,Alegría
elevar,70,10,20,0,0.165,Alegría
elogio,20,30,40,10,0.463,Alegría
embebecer,0,40,40,20,0.596,Alegría
embelesar,0,40,40,20,0.596,Alegría
embeleso,20,30,30,20,0.497,Alegría
embobar,40,40,10,10,0.298,Alegría
emborrachar,0,40,50,10,0.562,Alegría
embriagar,0,40,50,10,0.562,Alegría
embromar,0,30,60,10,0.595,Alegría
embrujar,70,20,10,0,0.132,Alegría
embrujo,70,30,0,0,0.099,Alegría
emoción,10,0,30,60,0.798,Alegría
emocionante,0,10,30,60,0.831,Alegría
emocionar,0,10,30,60,0.831,Alegría
emotivo,0,10,50,40,0.763,Alegría
empatía,20,20,60,0,0.462,Alegría
empático,30,20,50,0,0.396,Alegría
empeño,30,20,50,0,0.396,Alegría
enaltecer,0,60,30,10,0.496,Alegría
enamoramiento,0,0,40,60,0.864,Alegría
enamorar,0,10,30,60,0.831,Alegría
encalmar,50,40,10,0,0.198,Alegría
encantado,0,50,50,0,0.495,Alegría
encantador,0,10,70,20,0.695,Alegría
encanto,0,40,50,10,0.562,Alegría
encomiar,20,10,60,10,0.529,Alegría
endiosar,20,40,40,0,0.396,Alegría
energía,20,20,50,10,0.496,Alegría
engrandecer,10,40,30,20,0.53,Alegría
ennoblecer,20,30,40,10,0.463,Alegría
enorgullecer,0,10,40,50,0.797,Alegría
enternecimiento,10,40,20,30,0.564,Alegría
entraña,70,30,0,0,0.099,Alegría
entrañable,50,20,20,10,0.298,Alegría
entrar,50,50,0,0,0.165,Alegría
entregar,40,50,10,0,0.231,Alegría
entusiasmado,0,0,40,60,0.864,Alegría
entusiasmar,0,0,50,50,0.83,Alegría
entusiasmo,0,0,40,60,0.864,Alegría
entusiasta,0,0,40,60,0.864,Alegría
erótico,10,30,50,10,0.529,Alegría
espectacular,20,10,50,20,0.563,Alegría
esperanza,20,10,70,0,0.495,Alegría
esperanzado,20,20,50,10,0.496,Alegría
espléndido,0,20,50,30,0.696,Alegría
estimar,10,10,60,20,0.629,Alegría
estimulante,10,50,20,20,0.497,Alegría
estimular,10,40,40,10,0.496,Alegría
estremecer,0,50,50,0,0.495,Alegría
estupendo,0,0,40,60,0.864,Alegría
euforia,10,10,50,30,0.663,Alegría
eufórico,10,10,50,30,0.663,Alegría
euforizante,10,10,50,30,0.663,Alegría
exaltar,0,50,30,20,0.563,Alegría
excelente,0,10,50,40,0.763,Alegría
excitante,0,0,40,60,0.864,Alegría
excitar,0,20,30,50,0.764,Alegría
exhortar,60,30,10,0,0.165,Alegría
éxito,0,0,40,60,0.864,Alegría
expansivo,30,30,40,0,0.363,Alegría
expectación,40,40,20,0,0.264,Alegría
expectativa,20,70,10,0,0.297,Alegría
explosión,50,40,10,0,0.198,Alegría
expresión,20,70,10,0,0.297,Alegría
extasiante,0,0,60,40,0.796,Alegría
extasiar,0,0,70,30,0.762,Alegría
extenso,80,10,10,0,0.099,Alegría
exuberante,20,40,40,0,0.396,Alegría
exuberantemente,20,50,30,0,0.363,Alegría
exultar,0,0,60,40,0.796,Alegría
familiar,10,30,50,10,0.529,Alegría
familiaridad,0,30,50,20,0.629,Alegría
fantasía,10,20,50,20,0.596,Alegría
fascinación,0,0,30,70,0.898,Alegría
fascinado,0,0,30,70,0.898,Alegría
fascinante,0,0,20,80,0.932,Alegría
fascinar,10,10,30,50,0.731,Alegría
fasto,50,30,10,10,0.265,Alegría
fastuoso,30,30,40,0,0.363,Alegría
fausto,20,50,30,0,0.363,Alegría
favor,20,60,20,0,0.33,Alegría
favorable,0,40,40,20,0.596,Alegría
favorablemente,0,50,30,20,0.563,Alegría
favorecedor,0,40,50,10,0.562,Alegría
favorecimiento,0,40,50,10,0.562,Alegría
felicidad,0,0,0,100,1,Alegría
felicitar,0,10,30,60,0.831,Alegría
feliz,0,0,10,90,0.966,Alegría
felizmente,0,0,10,90,0.966,Alegría
feraz,20,60,20,0,0.33,Alegría
fervor,0,50,20,30,0.597,Alegría
fervoroso,0,60,10,30,0.564,Alegría
festivo,0,10,60,30,0.729,Alegría
fetiche,50,30,10,10,0.265,Alegría
fibra,100,0,0,0,0,Alegría
fidelidad,10,60,20,10,0.43,Alegría
fiebre,70,20,10,0,0.132,Alegría
fiel,0,70,20,10,0.463,Alegría
fiesta,0,0,50,50,0.83,Alegría
fijar,60,40,0,0,0.132,Alegría
filantropo,20,30,40,10,0.463,Alegría
final,50,40,10,0,0.198,Alegría
fino,50,40,10,0,0.198,Alegría
flechar,30,50,20,0,0.297,Alegría
florecer,0,30,60,10,0.595,Alegría
fogosidad,10,10,80,0,0.561,Alegría
fraternidad,0,30,60,10,0.595,Alegría
fraternizar,10,30,50,10,0.529,Alegría
furor,20,20,50,10,0.496,Alegría
gala,30,50,20,0,0.297,Alegría
gana,10,50,30,10,0.463,Alegría
ganar,0,20,30,50,0.764,Alegría
generosidad,0,20,70,10,0.628,Alegría
generoso,0,20,70,10,0.628,Alegría
genial,0,0,40,60,0.864,Alegría
gloria,0,10,40,50,0.797,Alegría
gloriar,0,40,50,10,0.562,Alegría
glorificar,0,50,40,10,0.529,Alegría
goce,0,10,50,40,0.763,Alegría
gozar,0,10,30,60,0.831,Alegría
gozo,0,10,30,60,0.831,Alegría
gozosamente,0,30,10,60,0.765,Alegría
gozoso,0,20,20,60,0.798,Alegría
gracia,10,30,30,30,0.597,Alegría
gracioso,0,0,50,50,0.83,Alegría
grande,20,40,40,0,0.396,Alegría
grandioso,20,20,30,30,0.564,Alegría
gratificador,0,40,20,40,0.664,Alegría
gratificante,0,30,30,40,0.697,Alegría
gratificar,10,40,10,40,0.598,Alegría
gratis,10,30,40,20,0.563,Alegría
grato,0,30,40,30,0.663,Alegría
guasa,10,50,40,0,0.429,Alegría
gustar,10,20,50,20,0.596,Alegría
gusto,10,10,60,20,0.629,Alegría
gustoso,0,0,70,30,0.762,Alegría
halagar,0,50,30,20,0.563,Alegría
halagüeño,10,60,30,0,0.396,Alegría
hartar,90,10,0,0,0.033,Alegría
hechizar,40,50,10,0,0.231,Alegría
hechizo,40,60,0,0,0.198,Alegría
hermandad,10,10,80,0,0.561,Alegría
hilarante,20,0,50,30,0.63,Alegría
hilarantemente,20,10,40,30,0.597,Alegría
hilaridad,20,0,40,40,0.664,Alegría
hipnotizar,50,50,0,0,0.165,Alegría
holgura,40,50,0,10,0.265,Alegría
honorable,20,20,40,20,0.53,Alegría
honrar,10,60,30,0,0.396,Alegría
honrosamente,0,70,30,0,0.429,Alegría
hospitalario,10,30,40,20,0.563,Alegría
hospitalidad,0,30,50,20,0.629,Alegría
humanidad,30,40,30,0,0.33,Alegría
humanitarismo,40,40,20,0,0.264,Alegría
humor,0,20,40,40,0.73,Alegría
identificar,60,40,0,0,0.132,Alegría
idilio,20,40,40,0,0.396,Alegría
ilusionadamente,20,20,60,0,0.462,Alegría
ilusionar,10,30,60,0,0.495,Alegría
impactar,20,50,30,0,0.363,Alegría
ímpetu,10,30,50,10,0.529,Alegría
impetuosidad,10,50,30,10,0.463,Alegría
impresionar,30,30,30,10,0.397,Alegría
impulsar,20,50,30,0,0.363,Alegría
inclinación,70,30,0,0,0.099,Alegría
inmortalizar,50,40,10,0,0.198,Alegría
inspirar,10,40,30,20,0.53,Alegría
interés,30,40,30,0,0.33,Alegría
intoxicante,80,20,0,0,0.066,Alegría
jacarero,10,20,30,40,0.664,Alegría
jarana,30,50,0,20,0.365,Alegría
jocoso,10,40,20,30,0.564,Alegría
jocundo,0,10,50,40,0.763,Alegría
jovial,10,0,50,40,0.73,Alegría
júbilo,0,0,50,50,0.83,Alegría
jubilosamente,0,20,40,40,0.73,Alegría
jubiloso,10,10,30,50,0.731,Alegría
juerga,20,30,20,30,0.531,Alegría
laudable,10,70,20,0,0.363,Alegría
leal,20,30,40,10,0.463,Alegría
lealtad,20,30,40,10,0.463,Alegría
ledamente,0,30,20,50,0.731,Alegría
lenificar,50,30,10,10,0.265,Alegría
lenizar,70,10,10,10,0.199,Alegría
levantar,50,40,10,0,0.198,Alegría
libre,0,20,50,30,0.696,Alegría
lisonjero,0,20,40,40,0.73,Alegría
llenar,30,40,30,0,0.33,Alegría
loable,30,40,30,0,0.33,Alegría
lograr,0,30,40,30,0.663,Alegría
lucro,50,40,10,0,0.198,Alegría
macanudo,0,40,60,0,0.528,Alegría
magia,0,30,70,0,0.561,Alegría
magnetizar,60,40,0,0,0.132,Alegría
magnifíco,0,20,20,60,0.798,Alegría
magno,40,30,10,20,0.365,Alegría
majo,20,30,50,0,0.429,Alegría
maravillar,0,10,60,30,0.729,Alegría
maravillosamente,0,10,60,30,0.729,Alegría
mejorar,0,50,40,10,0.529,Alegría
meloso,20,40,40,0,0.396,Alegría
miramiento,60,10,30,0,0.231,Alegría
mirar,60,30,10,0,0.165,Alegría
misericordia,60,20,20,0,0.198,Alegría
mitigar,50,50,0,0,0.165,Alegría
mollar,70,30,0,0,0.099,Alegría
motivar,10,30,30,30,0.597,Alegría
mover,70,30,0,0,0.099,Alegría
oferta,70,10,20,0,0.165,Alegría
opimo,20,40,40,0,0.396,Alegría
opíparo,20,40,40,0,0.396,Alegría
orgullo,10,20,50,20,0.596,Alegría
orgullosamente,0,30,30,40,0.697,Alegría
orgulloso,30,10,30,30,0.531,Alegría
ovación,0,0,60,40,0.796,Alegría
ovacionar,10,10,50,30,0.663,Alegría
pacificar,40,40,0,20,0.332,Alegría
paladear,10,80,10,0,0.33,Alegría
palmas,10,40,40,10,0.496,Alegría
parranda,0,20,70,10,0.628,Alegría
pasión,0,10,50,40,0.763,Alegría
paz,0,40,30,30,0.63,Alegría
piadoso,30,30,40,0,0.363,Alegría
piedad,50,10,40,0,0.297,Alegría
placentero,0,0,60,40,0.796,Alegría
placer,0,0,40,60,0.864,Alegría
pleitesía,60,30,0,10,0.199,Alegría
preferencia,20,50,20,10,0.397,Alegría
prerrogativa,40,50,10,0,0.231,Alegría
preservar,60,30,10,0,0.165,Alegría
presumir,40,40,20,0,0.264,Alegría
prever,50,20,30,0,0.264,Alegría
privilegio,10,50,30,10,0.463,Alegría
probar,50,40,10,0,0.198,Alegría
profusión,50,40,10,0,0.198,Alegría
propiciar,50,20,30,0,0.264,Alegría
propicio,20,60,20,0,0.33,Alegría
próspero,0,0,70,30,0.762,Alegría
protectoramente,50,30,20,0,0.231,Alegría
proteger,50,30,20,0,0.231,Alegría
provecho,10,50,30,10,0.463,Alegría
provechoso,20,20,40,20,0.53,Alegría
providencial,40,50,10,0,0.231,Alegría
pujanza,60,30,10,0,0.165,Alegría
querer,10,20,40,30,0.63,Alegría
quietud,50,40,10,0,0.198,Alegría
quillotrar,20,50,30,0,0.363,Alegría
radiante,20,20,40,20,0.53,Alegría
ratificar,60,40,0,0,0.132,Alegría
realización,30,40,20,10,0.364,Alegría
realizar,50,30,20,0,0.231,Alegría
recoger,70,20,10,0,0.132,Alegría
recogimiento,70,20,10,0,0.132,Alegría
recomendar,40,30,30,0,0.297,Alegría
recompensa,10,10,60,20,0.629,Alegría
reconfortante,0,10,40,50,0.797,Alegría
reconfortar,0,20,50,30,0.696,Alegría
recrear,20,30,30,20,0.497,Alegría
refocilar,10,30,40,20,0.563,Alegría
regalo,0,20,30,50,0.764,Alegría
regocijadamente,0,10,50,40,0.763,Alegría
regocijar,0,20,50,30,0.696,Alegría
regocijo,0,20,30,50,0.764,Alegría
regodear,10,60,20,10,0.43,Alegría
regodeo,10,70,20,0,0.363,Alegría
reidor,10,0,30,60,0.798,Alegría
relamer,20,40,40,0,0.396,Alegría
reparación,60,20,20,0,0.198,Alegría
reproducir,30,60,10,0,0.264,Alegría
respetar,20,30,20,30,0.531,Alegría
respeto,20,30,30,20,0.497,Alegría
respetuoso,20,30,20,30,0.531,Alegría
resplandecer,10,40,10,40,0.598,Alegría
reverencia,30,40,20,10,0.364,Alegría
risa,0,0,20,80,0.932,Alegría
risueño,0,0,20,80,0.932,Alegría
romántico,0,40,30,30,0.63,Alegría
saber,40,30,30,0,0.297,Alegría
saborear,10,60,20,10,0.43,Alegría
saciar,20,40,20,20,0.464,Alegría
saciedad,20,40,20,20,0.464,Alegría
sandunga,0,30,50,20,0.629,Alegría
satisfacción,0,0,40,60,0.864,Alegría
satisfacer,0,0,50,50,0.83,Alegría
satisfacible,0,10,50,40,0.763,Alegría
satisfactoriamente,0,10,30,60,0.831,Alegría
satisfactorio,0,10,30,60,0.831,Alegría
satisfecho,0,0,40,60,0.864,Alegría
seducción,0,50,40,10,0.529,Alegría
seducir,10,40,40,10,0.496,Alegría
seductivo,0,40,40,20,0.596,Alegría
seguro,30,30,10,30,0.465,Alegría
selecto,20,60,10,10,0.364,Alegría
serenar,50,30,20,0,0.231,Alegría
sereno,60,20,20,0,0.198,Alegría
simpatía,0,10,40,50,0.797,Alegría
simpático,0,0,50,50,0.83,Alegría
simpatizar,0,0,50,50,0.83,Alegría
sincero,20,50,20,10,0.397,Alegría
soberbio,60,30,10,0,0.165,Alegría
sociable,10,40,30,20,0.53,Alegría
solaz,50,40,10,0,0.198,Alegría
solazar,30,60,10,0,0.264,Alegría
solidaridad,30,20,30,20,0.464,Alegría
sonriente,0,0,10,90,0.966,Alegría
sortilegio,40,40,20,0,0.264,Alegría
sosegar,40,40,20,0,0.264,Alegría
suave,50,30,20,0,0.231,Alegría
suavidad,50,30,20,0,0.231,Alegría
subyugar,70,30,0,0,0.099,Alegría
superabundancia,10,40,20,30,0.564,Alegría
superabundante,0,40,30,30,0.63,Alegría
suspender,70,30,0,0,0.099,Alegría
terneza,30,30,30,10,0.397,Alegría
ternura,10,30,50,10,0.529,Alegría
tesón,70,20,10,0,0.132,Alegría
tiernamente,10,40,30,20,0.53,Alegría
tierno,10,40,30,20,0.53,Alegría
tranquilizar,30,40,20,10,0.364,Alegría
tranquilo,30,30,30,10,0.397,Alegría
transportar,60,30,0,10,0.199,Alegría
tratable,30,50,20,0,0.297,Alegría
triunfador,0,0,60,40,0.796,Alegría
triunfal,0,0,60,40,0.796,Alegría
triunfalmente,0,0,80,20,0.728,Alegría
triunfante,0,0,60,40,0.796,Alegría
triunfantemente,0,0,60,40,0.796,Alegría
triunfar,0,0,50,50,0.83,Alegría
triunfo,0,0,40,60,0.864,Alegría
tuitivo,30,60,0,10,0.298,Alegría
ubérrimo,60,30,10,0,0.165,Alegría
ufanamente,70,20,10,0,0.132,Alegría
ufanía,70,30,0,0,0.099,Alegría
ufano,60,40,0,0,0.132,Alegría
ultimar,60,30,10,0,0.165,Alegría
unción,50,30,20,0,0.231,Alegría
unión,30,50,20,0,0.297,Alegría
útil,10,50,40,0,0.429,Alegría
valía,20,40,30,10,0.43,Alegría
valimiento,40,30,20,10,0.331,Alegría
valorar,0,70,10,20,0.497,Alegría
vehemencia,40,30,20,10,0.331,Alegría
vehemente,40,30,20,10,0.331,Alegría
vencedor,0,20,50,30,0.696,Alegría
veneración,10,40,40,10,0.496,Alegría
venerar,10,50,30,10,0.463,Alegría
ventajosamente,30,50,20,0,0.297,Alegría
ventajoso,20,60,20,0,0.33,Alegría
venturosamente,20,20,40,20,0.53,Alegría
venturoso,10,20,40,30,0.63,Alegría
victorear,10,30,40,20,0.563,Alegría
victoria,0,10,50,40,0.763,Alegría
victorioso,0,10,40,50,0.797,Alegría
vigor,0,70,10,20,0.497,Alegría
vítor,40,30,30,0,0.297,Alegría
vitorear,40,30,30,0,0.297,Alegría
vivaz,10,30,40,20,0.563,Alegría
viveza,0,30,50,20,0.629,Alegría
vivificar,10,30,40,20,0.563,Alegría
vivir,10,20,40,30,0.63,Alegría
abominable,10,40,30,20,0.53,Enojo
abominación,10,60,10,20,0.464,Enojo
abominar,0,20,50,30,0.696,Enojo
aborrecer,10,0,30,60,0.798,Enojo
aborrecible,0,10,60,30,0.729,Enojo
aborreciblemente,10,10,60,20,0.629,Enojo
aborrecimiento,0,30,40,30,0.663,Enojo
abusar,20,30,40,10,0.463,Enojo
acometedor,10,50,30,10,0.463,Enojo
acometer,10,50,20,20,0.497,Enojo
acometiente,20,40,20,20,0.464,Enojo
acometimiento,20,50,10,20,0.431,Enojo
acometividad,20,50,20,10,0.397,Enojo
acosar,40,10,20,30,0.465,Enojo
acribillar,30,0,10,60,0.666,Enojo
acrimonia,30,30,40,0,0.363,Enojo
acritud,20,60,20,0,0.33,Enojo
adversario,10,70,20,0,0.363,Enojo
aferrar,40,50,0,10,0.265,Enojo
afrenta,10,40,30,20,0.53,Enojo
agarrar,40,50,10,0,0.231,Enojo
agobiar,40,30,30,0,0.297,Enojo
agobio,40,50,10,0,0.231,Enojo
agravamiento,20,50,20,10,0.397,Enojo
agravante,20,30,40,10,0.463,Enojo
agravar,20,40,30,10,0.43,Enojo
agraviar,20,10,40,30,0.597,Enojo
agravio,30,20,40,10,0.43,Enojo
agresividad,0,10,30,60,0.831,Enojo
agresivo,0,10,20,70,0.865,Enojo
agresor,0,0,50,50,0.83,Enojo
agriado,10,50,20,20,0.497,Enojo
airadamente,0,40,40,20,0.596,Enojo
airamiento,0,50,30,20,0.563,Enojo
airar,0,30,40,30,0.663,Enojo
alevosía,20,40,40,0,0.396,Enojo
altivez,40,40,20,0,0.264,Enojo
altivo,40,20,40,0,0.33,Enojo
amargar,20,50,30,0,0.363,Enojo
amargo,60,30,10,0,0.165,Enojo
amargor,70,20,10,0,0.132,Enojo
amohinar,30,10,10,50,0.599,Enojo
amoscamiento,30,30,30,10,0.397,Enojo
animadversión,30,10,40,20,0.497,Enojo
ánimo,80,10,10,0,0.099,Enojo
animosidad,60,40,0,0,0.132,Enojo
antagónico,60,30,0,10,0.199,Enojo
antagonismo,40,20,30,10,0.364,Enojo
antipatía,0,20,60,20,0.662,Enojo
antipático,0,10,70,20,0.695,Enojo
apesadumbrar,10,30,60,0,0.495,Enojo
arrebatamiento,10,20,40,30,0.63,Enojo
arrebato,10,50,20,20,0.497,Enojo
arrojar,10,40,40,10,0.496,Enojo
asar,70,10,20,0,0.165,Enojo
asediar,40,20,30,10,0.364,Enojo
aspereza,40,40,10,10,0.298,Enojo
asurar,50,0,30,20,0.398,Enojo
atacar,10,0,20,70,0.832,Enojo
ataque,0,10,10,80,0.899,Enojo
atizar,30,30,10,30,0.465,Enojo
atormentar,10,20,30,40,0.664,Enojo
atosigar,10,30,40,20,0.563,Enojo
atrabiliario,10,20,30,40,0.664,Enojo
atrocidad,40,30,20,10,0.331,Enojo
atropellar,40,20,20,20,0.398,Enojo
atropello,40,10,40,10,0.397,Enojo
atroz,10,10,40,40,0.697,Enojo
atufar,40,20,20,20,0.398,Enojo
azuzar,40,40,20,0,0.264,Enojo
baquetear,40,30,10,20,0.365,Enojo
barbaridad,20,60,10,10,0.364,Enojo
batallar,20,30,40,10,0.463,Enojo
belicosidad,20,20,40,20,0.53,Enojo
belicoso,20,20,40,20,0.53,Enojo
beligerante,20,40,40,0,0.396,Enojo
berrinche,10,10,60,20,0.629,Enojo
bilis,30,20,10,40,0.532,Enojo
bochinche,30,30,40,0,0.363,Enojo
bravo,10,30,40,20,0.563,Enojo
bufar,20,40,0,40,0.532,Enojo
cabrear,20,10,40,30,0.597,Enojo
cargoso,20,50,30,0,0.363,Enojo
celos,10,20,40,30,0.63,Enojo
chalar,60,20,10,10,0.232,Enojo
chinche,30,20,50,0,0.396,Enojo
cinismo,50,20,20,10,0.298,Enojo
cizañar,30,10,50,10,0.463,Enojo
cocolía,0,60,20,20,0.53,Enojo
cólera,10,0,50,40,0.73,Enojo
coléricamente,0,0,50,50,0.83,Enojo
colérico,0,0,70,30,0.762,Enojo
concitar,20,50,30,0,0.363,Enojo
contrariar,10,50,30,10,0.463,Enojo
contrariedad,40,30,20,10,0.331,Enojo
convulsión,50,40,10,0,0.198,Enojo
coraje,0,10,10,80,0.899,Enojo
corajudo,0,10,30,60,0.831,Enojo
corroer,30,50,20,0,0.297,Enojo
crispar,30,20,40,10,0.43,Enojo
crucificar,50,40,10,0,0.198,Enojo
cuenta,100,0,0,0,0,Enojo
decepción,40,20,40,0,0.33,Enojo
decepcionar,50,10,40,0,0.297,Enojo
delicado,80,20,0,0,0.066,Enojo
demente,30,40,20,10,0.364,Enojo
demonio,20,30,30,20,0.497,Enojo
denigrar,10,40,40,10,0.496,Enojo
desaforo,70,20,10,0,0.132,Enojo
desagradable,10,40,30,20,0.53,Enojo
desagradar,0,20,70,10,0.628,Enojo
desagrado,0,30,60,10,0.595,Enojo
desairar,20,20,40,20,0.53,Enojo
desaire,20,20,40,20,0.53,Enojo
desaprobar,10,50,30,10,0.463,Enojo
desazón,50,30,20,0,0.231,Enojo
descaro,10,30,40,20,0.563,Enojo
descontentar,0,40,50,10,0.562,Enojo
descontento,0,30,50,20,0.629,Enojo
desdén,20,30,40,10,0.463,Enojo
desdeñar,30,30,30,10,0.397,Enojo
deseable,80,10,10,0,0.099,Enojo
desear,90,10,0,0,0.033,Enojo
desesperante,10,40,40,10,0.496,Enojo
desmán,0,50,40,10,0.529,Enojo
desorden,10,40,40,10,0.496,Enojo
despecho,0,20,60,20,0.662,Enojo
desplacer,10,10,70,10,0.595,Enojo
despreciar,0,20,50,30,0.696,Enojo
desprecio,0,20,50,30,0.696,Enojo
desquiciante,0,0,50,50,0.83,Enojo
desquiciar,0,0,30,70,0.898,Enojo
destemplar,30,30,30,10,0.397,Enojo
desvarío,40,50,10,0,0.231,Enojo
detestable,0,20,40,40,0.73,Enojo
detestablemente,0,20,60,20,0.662,Enojo
detestación,0,30,60,10,0.595,Enojo
detestar,0,30,40,30,0.663,Enojo
diantre,30,40,0,30,0.432,Enojo
discordia,0,40,50,10,0.562,Enojo
discrepancia,10,80,10,0,0.33,Enojo
disgustar,0,10,60,30,0.729,Enojo
disgusto,0,0,70,30,0.762,Enojo
displacer,20,30,40,10,0.463,Enojo
disputa,0,10,50,40,0.763,Enojo
doloso,30,30,30,10,0.397,Enojo
embestir,20,20,30,30,0.564,Enojo
embravecer,10,10,30,50,0.731,Enojo
emperrarse,10,0,40,50,0.764,Enojo
emponzoñar,20,10,20,50,0.665,Enojo
enajenación,30,30,30,10,0.397,Enojo
enajenar,30,40,30,0,0.33,Enojo
encabritar,0,0,50,50,0.83,Enojo
encalabrinar,0,50,30,20,0.563,Enojo
encocorar,10,20,30,40,0.664,Enojo
encolerizar,0,0,50,50,0.83,Enojo
enconar,50,10,30,10,0.331,Enojo
encono,50,20,20,10,0.298,Enojo
encorajinar,0,10,30,60,0.831,Enojo
endemoniar,0,0,50,50,0.83,Enojo
enemigo,0,0,50,50,0.83,Enojo
enemistad,0,10,30,60,0.831,Enojo
enemistoso,0,10,40,50,0.797,Enojo
enérgico,20,50,10,20,0.431,Enojo
enfadado,0,0,20,80,0.932,Enojo
enfadar,0,0,30,70,0.898,Enojo
enfado,0,0,30,70,0.898,Enojo
enfadoso,0,0,40,60,0.864,Enojo
enfierecido,0,0,40,60,0.864,Enojo
enfurecer,0,0,20,80,0.932,Enojo
enfurecimiento,0,0,40,60,0.864,Enojo
enfurruñamiento,0,20,50,30,0.696,Enojo
enganza,10,20,50,20,0.596,Enojo
engativamente,20,10,50,20,0.563,Enojo
engorro,30,60,10,0,0.264,Enojo
engorroso,40,40,20,0,0.264,Enojo
enloquecedor,10,50,30,10,0.463,Enojo
enloquecer,10,50,30,10,0.463,Enojo
enloquecimiento,10,60,20,10,0.43,Enojo
enojadizo,0,0,40,60,0.864,Enojo
enojado,0,0,10,90,0.966,Enojo
enojamiento,0,0,30,70,0.898,Enojo
enojar,0,0,10,90,0.966,Enojo
enojo,0,0,10,90,0.966,Enojo
enojosamente,0,0,20,80,0.932,Enojo
enojoso,0,0,20,80,0.932,Enojo
enrabiar,0,0,10,90,0.966,Enojo
enrabietar,0,0,20,80,0.932,Enojo
ensañamiento,10,20,50,20,0.596,Enojo
ensañar,10,20,50,20,0.596,Enojo
entuerto,50,20,20,10,0.298,Enojo
envenenar,20,60,10,10,0.364,Enojo
envidia,10,40,40,10,0.496,Enojo
envidioso,10,40,50,0,0.462,Enojo
escandalizar,40,30,30,0,0.297,Enojo
escándalo,50,40,10,0,0.198,Enojo
estafar,20,40,30,10,0.43,Enojo
estorbar,40,30,20,10,0.331,Enojo
estorbo,40,30,20,10,0.331,Enojo
estropear,20,20,40,20,0.53,Enojo
exabrupto,0,30,40,30,0.663,Enojo
exacerbación,0,10,60,30,0.729,Enojo
exacerbante,0,10,60,30,0.729,Enojo
exacerbar,0,20,40,40,0.73,Enojo
exagerar,30,40,30,0,0.33,Enojo
exasperación,10,20,40,30,0.63,Enojo
exasperante,0,20,50,30,0.696,Enojo
exasperar,0,20,50,30,0.696,Enojo
excandecencia,0,30,20,50,0.731,Enojo
exceso,40,60,0,0,0.198,Enojo
excitar,60,10,20,10,0.265,Enojo
execrar,50,30,0,20,0.299,Enojo
fastidiado,0,10,60,30,0.729,Enojo
fastidiante,0,10,60,30,0.729,Enojo
fastidiar,0,0,60,40,0.796,Enojo
fastidio,0,0,70,30,0.762,Enojo
fastidioso,0,0,70,30,0.762,Enojo
feo,60,30,10,0,0.165,Enojo
fiera,20,20,40,20,0.53,Enojo
fracaso,30,20,40,10,0.43,Enojo
frenético,20,20,50,10,0.496,Enojo
fruncir,20,20,50,10,0.496,Enojo
furia,0,20,0,80,0.866,Enojo
furibundamente,0,10,30,60,0.831,Enojo
furibundo,0,10,30,60,0.831,Enojo
furiosamente,0,10,0,90,0.933,Enojo
furioso,10,10,0,80,0.833,Enojo
furor,30,20,0,50,0.566,Enojo
fustigar,30,30,30,10,0.397,Enojo
genio,30,20,40,10,0.43,Enojo
grima,30,30,10,30,0.465,Enojo
gruñón,0,10,50,40,0.763,Enojo
guerra,0,20,10,70,0.832,Enojo
hartar,0,0,30,70,0.898,Enojo
hastiar,10,10,60,20,0.629,Enojo
hastioso,10,10,60,20,0.629,Enojo
hiel,0,30,60,10,0.595,Enojo
hostigador,10,30,40,20,0.563,Enojo
hostigar,10,40,30,20,0.53,Enojo
hostil,20,20,30,30,0.564,Enojo
hostilidad,20,20,30,30,0.564,Enojo
hostilizar,20,20,30,30,0.564,Enojo
humor,60,10,20,10,0.265,Enojo
impacientar,0,50,40,10,0.529,Enojo
importunar,20,20,50,10,0.496,Enojo
importuno,20,20,60,0,0.462,Enojo
improperio,20,30,50,0,0.429,Enojo
inaguantable,0,50,30,20,0.563,Enojo
incomodar,0,50,40,10,0.529,Enojo
incomodidad,10,50,30,10,0.463,Enojo
incontrol,20,50,30,0,0.363,Enojo
incordiar,20,30,20,30,0.531,Enojo
incordio,20,30,20,30,0.531,Enojo
indignación,20,10,50,20,0.563,Enojo
indignado,20,10,40,30,0.597,Enojo
indignante,20,10,40,30,0.597,Enojo
indignar,20,10,40,30,0.597,Enojo
infamar,30,20,40,10,0.43,Enojo
inicuo,30,40,20,10,0.364,Enojo
injuriar,10,30,40,20,0.563,Enojo
inquina,20,30,40,10,0.463,Enojo
insatisfecho,10,40,50,0,0.462,Enojo
insidia,30,20,40,10,0.43,Enojo
insultar,10,0,20,70,0.832,Enojo
insulto,10,0,30,60,0.798,Enojo
intratable,10,0,60,30,0.696,Enojo
ira,0,0,10,90,0.966,Enojo
iracundia,0,30,30,40,0.697,Enojo
iracundo,0,10,40,50,0.797,Enojo
irascible,10,10,30,50,0.731,Enojo
irritabilidad,0,0,40,60,0.864,Enojo
irritable,0,0,30,70,0.898,Enojo
irritación,0,0,60,40,0.796,Enojo
irritado,0,0,50,50,0.83,Enojo
irritante,0,0,50,50,0.83,Enojo
irritar,0,0,60,40,0.796,Enojo
jaqueca,10,20,70,0,0.528,Enojo
jorobar,10,10,40,40,0.697,Enojo
latoso,0,40,30,30,0.63,Enojo
loco,10,60,30,0,0.396,Enojo
lrascible,20,30,40,10,0.463,Enojo
majadero,20,0,50,30,0.63,Enojo
mal,20,20,40,20,0.53,Enojo
maldición,10,20,30,40,0.664,Enojo
maldito,20,10,20,50,0.665,Enojo
malévolo,0,30,60,10,0.595,Enojo
malhumor,0,20,30,50,0.764,Enojo
malhumorado,0,10,40,50,0.797,Enojo
malicia,0,30,60,10,0.595,Enojo
maliciar,0,40,50,10,0.562,Enojo
malignidad,10,40,50,0,0.462,Enojo
maligno,10,20,70,0,0.528,Enojo
malo,0,30,70,0,0.561,Enojo
malpensado,40,20,40,0,0.33,Enojo
malquerencia,30,20,50,0,0.396,Enojo
malvadamente,10,30,60,0,0.495,Enojo
malvado,0,30,60,10,0.595,Enojo
manía,60,10,30,0,0.231,Enojo
martirio,50,20,20,10,0.298,Enojo
martirizar,30,30,30,10,0.397,Enojo
misoneísmo,70,30,0,0,0.099,Enojo
mohíno,30,20,20,30,0.498,Enojo
molestar,10,0,60,30,0.696,Enojo
molesto,10,0,60,30,0.696,Enojo
molestoso,10,0,60,30,0.696,Enojo
mortificar,30,30,30,10,0.397,Enojo
mosconear,50,20,10,20,0.332,Enojo
nervioso,50,50,0,0,0.165,Enojo
obstaculizar,50,30,20,0,0.231,Enojo
odiar,0,0,20,80,0.932,Enojo
odio,0,0,20,80,0.932,Enojo
ofensa,0,20,30,50,0.764,Enojo
ofensividad,0,10,60,30,0.729,Enojo
ofensivo,0,20,50,30,0.696,Enojo
ojeriza,30,10,60,0,0.429,Enojo
opresión,10,60,30,0,0.396,Enojo
pelea,0,20,40,40,0.73,Enojo
pendenciar,30,10,50,10,0.463,Enojo
pendenciero,30,10,50,10,0.463,Enojo
pernicioso,30,20,50,0,0.396,Enojo
perseguir,30,60,10,0,0.264,Enojo
pesado,50,20,30,0,0.264,Enojo
pestilente,50,30,10,10,0.265,Enojo
picar,70,20,10,0,0.132,Enojo
pique,20,30,50,0,0.429,Enojo
prender,50,30,20,0,0.231,Enojo
provocación,0,30,70,0,0.561,Enojo
provocar,0,40,60,0,0.528,Enojo
puchero,40,50,10,0,0.231,Enojo
pugna,60,20,20,0,0.198,Enojo
pugnante,60,30,10,0,0.165,Enojo
punzar,50,50,0,0,0.165,Enojo
quejar,10,10,80,0,0.561,Enojo
querellar,10,30,50,10,0.529,Enojo
quicio,10,20,50,20,0.596,Enojo
rabia,0,0,30,70,0.898,Enojo
rabiosamente,0,0,40,60,0.864,Enojo
rabioso,0,10,40,50,0.797,Enojo
regañadientes,0,0,80,20,0.728,Enojo
regaño,0,10,60,30,0.729,Enojo
rencilloso,20,20,50,10,0.496,Enojo
rencor,0,20,30,50,0.764,Enojo
rencorosamente,0,20,40,40,0.73,Enojo
rencoroso,0,20,30,50,0.764,Enojo
repudiar,0,0,30,70,0.898,Enojo
repugnancia,10,10,20,60,0.765,Enojo
repugnar,0,20,20,60,0.798,Enojo
resentido,0,30,20,50,0.731,Enojo
resentimiento,0,30,20,50,0.731,Enojo
resentir,0,40,10,50,0.698,Enojo
respingar,10,60,30,0,0.396,Enojo
resquemor,50,20,20,10,0.298,Enojo
retar,20,40,40,0,0.396,Enojo
revancha,30,40,30,0,0.33,Enojo
riña,0,20,30,50,0.764,Enojo
rivalidad,0,30,60,10,0.595,Enojo
saña,0,10,50,40,0.763,Enojo
sañoso,10,10,60,20,0.629,Enojo
suplicio,50,20,20,10,0.298,Enojo
tenso,40,40,20,0,0.264,Enojo
tirria,30,10,50,10,0.463,Enojo
torear,40,30,30,0,0.297,Enojo
tormento,40,30,10,20,0.365,Enojo
tropelía,30,50,20,0,0.297,Enojo
ultrajar,0,30,60,10,0.595,Enojo
ultraje,0,40,40,20,0.596,Enojo
vejación,0,50,40,10,0.529,Enojo
vejar,10,40,20,30,0.564,Enojo
venganza,0,0,40,60,0.864,Enojo
vengar,0,0,40,60,0.864,Enojo
vengativo,0,0,40,60,0.864,Enojo
vesania,10,20,20,50,0.698,Enojo
vesánico,20,10,20,50,0.665,Enojo
vilipendiar,10,30,50,10,0.529,Enojo
vilipendio,20,20,50,10,0.496,Enojo
vinagre,70,10,20,0,0.165,Enojo
violencia,0,0,20,80,0.932,Enojo
violento,0,0,20,80,0.932,Enojo
viperino,70,20,10,0,0.132,Enojo
vituperio,40,40,20,0,0.264,Enojo
voraz,40,50,10,0,0.231,Enojo
zaherir,30,20,50,0,0.396,Enojo
abominable,0,10,40,50,0.797,Miedo
accidente,0,20,50,30,0.696,Miedo
acobardar,0,10,20,70,0.865,Miedo
acomplejado,0,50,20,30,0.597,Miedo
acoquinamiento,10,40,10,40,0.598,Miedo
acoquinar,0,10,30,60,0.831,Miedo
agüero,40,30,30,0,0.297,Miedo
ahuyentar,0,20,50,30,0.696,Miedo
alarma,0,40,40,20,0.596,Miedo
alarmado,0,10,70,20,0.695,Miedo
alarmante,0,30,60,10,0.595,Miedo
alarmar,0,40,30,30,0.63,Miedo
alertar,10,40,30,20,0.53,Miedo
alma,80,20,0,0,0.066,Miedo
amedentrar,0,0,30,70,0.898,Miedo
amedrentador,0,10,30,60,0.831,Miedo
amedrentamiento,0,10,30,60,0.831,Miedo
amenazar,0,10,20,70,0.865,Miedo
amilanar,0,10,30,60,0.831,Miedo
angustia,0,10,40,50,0.797,Miedo
angustiado,0,10,30,60,0.831,Miedo
angustiosamente,0,10,30,60,0.831,Miedo
ansioso,40,40,20,0,0.264,Miedo
aprensión,30,30,30,10,0.397,Miedo
aprensivo,30,40,20,10,0.364,Miedo
araña,20,30,40,10,0.463,Miedo
arredrar,20,30,40,10,0.463,Miedo
asesinar,0,20,40,40,0.73,Miedo
asustadizo,0,0,40,60,0.864,Miedo
asustar,0,0,40,60,0.864,Miedo
atemorizado,0,0,20,80,0.932,Miedo
atemorizante,0,0,20,80,0.932,Miedo
atemorizar,0,0,20,80,0.932,Miedo
atento,80,10,10,0,0.099,Miedo
aterrado,0,0,10,90,0.966,Miedo
aterrador,0,0,0,100,1,Miedo
aterradoramente,0,0,0,100,1,Miedo
aterrar,0,0,0,100,1,Miedo
aterrorizador,0,0,10,90,0.966,Miedo
aterrorizar,0,0,10,90,0.966,Miedo
atroz,0,20,50,30,0.696,Miedo
avergonzado,40,30,30,0,0.297,Miedo
avergonzar,30,40,30,0,0.33,Miedo
azoramiento,10,30,50,10,0.529,Miedo
azorar,0,20,50,30,0.696,Miedo
barbarie,10,50,30,10,0.463,Miedo
bruja,0,50,50,0,0.495,Miedo
brujo,0,50,50,0,0.495,Miedo
cadaver,0,30,30,40,0.697,Miedo
calaca,10,40,50,0,0.462,Miedo
calamidad,10,60,30,0,0.396,Miedo
calamitoso,20,50,30,0,0.363,Miedo
calofrío,10,50,30,10,0.463,Miedo
cohibición,20,30,40,10,0.463,Miedo
cohibidamente,20,40,30,10,0.43,Miedo
cohibir,10,40,40,10,0.496,Miedo
confuso,70,30,0,0,0.099,Miedo
conminar,20,10,60,10,0.529,Miedo
convulsión,30,40,30,0,0.33,Miedo
cortar,30,50,20,0,0.297,Miedo
cortedad,60,30,10,0,0.165,Miedo
cruento,20,60,20,0,0.33,Miedo
demonio,0,40,30,30,0.63,Miedo
desesperado,30,40,30,0,0.33,Miedo
desfallecer,30,40,20,10,0.364,Miedo
desfallecimiento,20,40,30,10,0.43,Miedo
desgracia,0,30,50,20,0.629,Miedo
desmayar,10,70,20,0,0.363,Miedo
desorientado,60,40,0,0,0.132,Miedo
despavorir,0,0,40,60,0.864,Miedo
despeluznante,0,10,30,60,0.831,Miedo
despeluznar,0,20,50,30,0.696,Miedo
despiadadamente,0,30,40,30,0.663,Miedo
despiadado,0,30,40,30,0.663,Miedo
diablo,0,40,20,40,0.664,Miedo
encoger,40,30,0,30,0.399,Miedo
enfriar,80,20,0,0,0.066,Miedo
escalofrío,0,20,40,40,0.73,Miedo
espantable,0,10,30,60,0.831,Miedo
espantadizo,0,10,10,80,0.899,Miedo
espantar,0,10,10,80,0.899,Miedo
espanto,0,10,10,80,0.899,Miedo
espantoso,0,10,10,80,0.899,Miedo
espeluznante,0,0,20,80,0.932,Miedo
espeluznar,0,0,20,80,0.932,Miedo
esperpento,10,30,50,10,0.529,Miedo
espiritu,50,30,20,0,0.231,Miedo
estremecer,0,20,70,10,0.628,Miedo
execrable,20,30,50,0,0.429,Miedo
exorcismo,0,30,50,20,0.629,Miedo
fantasma,10,20,50,20,0.596,Miedo
fealdad,10,60,30,0,0.396,Miedo
feo,20,70,10,0,0.297,Miedo
fobia,0,0,20,80,0.932,Miedo
frío,70,30,0,0,0.099,Miedo
friolero,70,30,0,0,0.099,Miedo
gallina,50,30,10,10,0.265,Miedo
hechizo,10,90,0,0,0.297,Miedo
helado,80,10,10,0,0.099,Miedo
helar,90,10,0,0,0.033,Miedo
histeria,10,20,60,10,0.562,Miedo
histéricamente,20,20,50,10,0.496,Miedo
histérico,30,10,40,20,0.497,Miedo
histerismo,30,10,50,10,0.463,Miedo
horrendamente,0,30,20,50,0.731,Miedo
horrendo,0,20,30,50,0.764,Miedo
horrible,0,0,50,50,0.83,Miedo
horriblemente,0,0,50,50,0.83,Miedo
hórrido,0,30,20,50,0.731,Miedo
horrificar,0,20,20,60,0.798,Miedo
horripilación,0,20,20,60,0.798,Miedo
horripilante,0,10,30,60,0.831,Miedo
horripilar,0,20,20,60,0.798,Miedo
horrísono,0,30,40,30,0.663,Miedo
horror,0,0,10,90,0.966,Miedo
horrorizado,0,0,30,70,0.898,Miedo
horrorizante,0,0,30,70,0.898,Miedo
horrorizar,0,0,30,70,0.898,Miedo
horrorosamente,0,10,30,60,0.831,Miedo
horroroso,0,10,20,70,0.865,Miedo
huidizo,10,0,40,50,0.764,Miedo
impotente,20,40,40,0,0.396,Miedo
incertidumbre,0,80,20,0,0.396,Miedo
indeciso,30,50,10,10,0.331,Miedo
inquietantemente,20,20,50,10,0.496,Miedo
inquietar,20,30,40,10,0.463,Miedo
inquieto,20,60,10,10,0.364,Miedo
insecto,40,40,10,10,0.298,Miedo
inseguro,20,70,0,10,0.331,Miedo
intimidación,0,30,50,20,0.629,Miedo
intimidar,0,30,60,10,0.595,Miedo
intrinquilo,10,40,40,10,0.496,Miedo
lengüicorto,10,70,10,10,0.397,Miedo
maldad,10,20,50,20,0.596,Miedo
maligno,0,20,30,50,0.764,Miedo
malo,10,10,50,30,0.663,Miedo
medrana,0,10,40,50,0.797,Miedo
medroso,0,10,30,60,0.831,Miedo
mieditis,0,10,30,60,0.831,Miedo
miedo,0,0,20,80,0.932,Miedo
miedo,0,0,20,80,0.932,Miedo
miedoso,0,0,20,80,0.932,Miedo
monstruosamente,0,10,40,50,0.797,Miedo
monstruoso,0,10,30,60,0.831,Miedo
mortuorio,0,20,30,50,0.764,Miedo
mounstro,0,10,40,50,0.797,Miedo
muerte,0,10,20,70,0.865,Miedo
neblina,40,20,40,0,0.33,Miedo
niebla,50,10,30,10,0.331,Miedo
nublar,70,30,0,0,0.099,Miedo
ominar,50,30,20,0,0.231,Miedo
palidecer,10,40,30,20,0.53,Miedo
palido,0,50,40,10,0.529,Miedo
pánico,0,0,30,70,0.898,Miedo
panteón,0,40,40,20,0.596,Miedo
pávido,0,10,50,40,0.763,Miedo
pavor,0,0,30,70,0.898,Miedo
pavorosamente,0,0,50,50,0.83,Miedo
pavoroso,0,0,50,50,0.83,Miedo
pena,20,60,20,0,0.33,Miedo
penumbra,20,20,50,10,0.496,Miedo
poseído,10,20,40,30,0.63,Miedo
premonición,20,60,20,0,0.33,Miedo
preocupación,10,30,50,10,0.529,Miedo
preocupadamente,10,30,40,20,0.563,Miedo
preocupado,20,20,40,20,0.53,Miedo
pusilánime,30,40,20,10,0.364,Miedo
pusilanimidad,30,40,20,10,0.364,Miedo
rata,40,50,10,0,0.231,Miedo
recelo,20,30,20,30,0.531,Miedo
receloso,20,30,30,20,0.497,Miedo
rodeor,30,70,0,0,0.231,Miedo
sangre,10,60,30,0,0.396,Miedo
sangriento,10,40,40,10,0.496,Miedo
sanguinario,10,10,60,20,0.629,Miedo
satan,20,10,30,40,0.631,Miedo
secuestro,0,30,10,60,0.765,Miedo
sevicia,0,50,50,0,0.495,Miedo
sobrecoger,0,10,60,30,0.729,Miedo
sobrecogimiento,0,10,60,30,0.729,Miedo
sobresaltar,0,10,60,30,0.729,Miedo
sombra,30,60,10,0,0.264,Miedo
suspenso,0,20,70,10,0.628,Miedo
susto,0,0,40,60,0.864,Miedo
temblor,10,20,60,10,0.562,Miedo
temer,0,0,20,80,0.932,Miedo
temerosamente,0,0,40,60,0.864,Miedo
temeroso,0,0,30,70,0.898,Miedo
temible,0,0,20,80,0.932,Miedo
temor,0,0,20,80,0.932,Miedo
temorosamente,0,0,40,60,0.864,Miedo
tenso,0,60,30,10,0.496,Miedo
terremoto,10,30,20,40,0.631,Miedo
terrible,0,0,30,70,0.898,Miedo
terriblemente,0,0,60,40,0.796,Miedo
terror,0,0,10,90,0.966,Miedo
terrorífico,0,0,30,70,0.898,Miedo
tímidamente,0,40,40,20,0.596,Miedo
timidez,10,50,20,20,0.497,Miedo
tímido,10,50,10,30,0.531,Miedo
timorato,10,30,20,40,0.631,Miedo
tragedia,10,10,80,0,0.561,Miedo
tremebundo,10,10,30,50,0.731,Miedo
tremendo,20,20,30,30,0.564,Miedo
ultimatum,20,70,10,0,0.297,Miedo
ultratumba,0,30,40,30,0.663,Miedo
verecundia,40,40,20,0,0.264,Miedo
verecundio,40,40,20,0,0.264,Miedo
verecundo,40,40,20,0,0.264,Miedo
vergonzoso,20,40,40,0,0.396,Miedo
vitando,30,30,30,10,0.397,Miedo
abominablemente,0,20,40,40,0.73,Repulsión
abominar,0,10,40,50,0.797,Repulsión
aborrecer,0,0,10,90,0.966,Repulsión
aborrecible,0,0,10,90,0.966,Repulsión
aborrecimiento,0,0,10,90,0.966,Repulsión
abusar,10,10,40,40,0.697,Repulsión
adversión,30,10,40,20,0.497,Repulsión
alergia,30,30,30,10,0.397,Repulsión
ampolla,30,10,40,20,0.497,Repulsión
animadversión,10,20,30,40,0.664,Repulsión
animosidad,40,30,30,0,0.297,Repulsión
antipatía,0,20,60,20,0.662,Repulsión
antipático,0,0,80,20,0.728,Repulsión
apestar,0,10,30,60,0.831,Repulsión
apestoso,0,10,10,80,0.899,Repulsión
aprensión,10,30,50,10,0.529,Repulsión
araña,20,30,50,0,0.429,Repulsión
asco,0,0,10,90,0.966,Repulsión
asqueadamente,0,0,20,80,0.932,Repulsión
asquear,0,0,20,80,0.932,Repulsión
asquerosamente,0,0,10,90,0.966,Repulsión
asqueroso,0,0,0,100,1,Repulsión
astroso,10,10,60,20,0.629,Repulsión
aversión,10,10,60,20,0.629,Repulsión
basca,0,10,20,70,0.865,Repulsión
bascosidad,0,20,20,60,0.798,Repulsión
bascoso,10,20,30,40,0.664,Repulsión
basura,0,0,60,40,0.796,Repulsión
birria,30,50,10,10,0.331,Repulsión
borracho,10,30,40,20,0.563,Repulsión
caca,0,0,30,70,0.898,Repulsión
carroña,0,0,40,60,0.864,Repulsión
cicatriz,20,40,40,0,0.396,Repulsión
coágulo,30,30,30,10,0.397,Repulsión
cochino,0,40,50,10,0.562,Repulsión
cocolía,10,30,20,40,0.631,Repulsión
contaminar,0,40,30,30,0.63,Repulsión
corromper,10,20,50,20,0.596,Repulsión
cortar,70,10,20,0,0.165,Repulsión
desagradable,0,0,30,70,0.898,Repulsión
desagradablemente,0,10,30,60,0.831,Repulsión
desagrado,0,20,20,60,0.798,Repulsión
desasosegar,50,20,20,10,0.298,Repulsión
descomposicón,0,10,50,40,0.763,Repulsión
deshonrar,0,40,30,30,0.63,Repulsión
desperdicio,0,40,50,10,0.562,Repulsión
detestable,0,0,10,90,0.966,Repulsión
detestablemente,0,0,20,80,0.932,Repulsión
detestación,0,0,20,80,0.932,Repulsión
diarrea,0,30,30,40,0.697,Repulsión
disgustar,10,10,70,10,0.595,Repulsión
disgusto,10,10,70,10,0.595,Repulsión
distanciamiento,30,30,40,0,0.363,Repulsión
empalagamiento,30,40,30,0,0.33,Repulsión
empalagar,30,40,30,0,0.33,Repulsión
empalagoso,30,30,40,0,0.363,Repulsión
emporcar,0,30,60,10,0.595,Repulsión
enfermedad,20,30,40,10,0.463,Repulsión
enfermizo,20,20,50,10,0.496,Repulsión
enfermo,20,20,30,30,0.564,Repulsión
ensuciar,0,20,60,20,0.662,Repulsión
envilecer,10,0,30,60,0.798,Repulsión
escrúpulo,30,40,30,0,0.33,Repulsión
espanto,50,20,30,0,0.264,Repulsión
estiércol,0,20,40,40,0.73,Repulsión
excremento,0,20,20,60,0.798,Repulsión
execrable,0,10,50,40,0.763,Repulsión
execrablemente,0,10,50,40,0.763,Repulsión
fastidiar,10,40,30,20,0.53,Repulsión
fastidio,10,30,30,30,0.597,Repulsión
fétido,0,0,30,70,0.898,Repulsión
fila,50,20,0,30,0.366,Repulsión
fobia,10,10,50,30,0.663,Repulsión
gases,0,30,40,30,0.663,Repulsión
gelatinoso,30,70,0,0,0.231,Repulsión
grima,0,30,50,20,0.629,Repulsión
guácala,0,0,10,90,0.966,Repulsión
gusano,20,20,60,0,0.462,Repulsión
harto,20,30,30,20,0.497,Repulsión
hastiar,10,20,50,20,0.596,Repulsión
hastío,10,30,40,20,0.563,Repulsión
hediondo,0,0,40,60,0.864,Repulsión
herida,30,40,30,0,0.33,Repulsión
hincha,10,20,30,40,0.664,Repulsión
hinchado,30,10,20,40,0.565,Repulsión
hongos,30,20,50,0,0.396,Repulsión
horrendo,0,30,20,50,0.731,Repulsión
horrible,0,20,30,50,0.764,Repulsión
horripilación,0,30,30,40,0.697,Repulsión
horror,0,20,30,50,0.764,Repulsión
horroroso,0,20,30,50,0.764,Repulsión
hostil,30,20,20,30,0.498,Repulsión
impúdico,20,20,50,10,0.496,Repulsión
impuro,10,30,30,30,0.597,Repulsión
incasto,30,20,40,10,0.43,Repulsión
indecente,10,20,40,30,0.63,Repulsión
indecoroso,20,10,50,20,0.563,Repulsión
indisponer,30,40,20,10,0.364,Repulsión
infame,10,20,40,30,0.63,Repulsión
infección,20,30,20,30,0.531,Repulsión
infecto,0,40,20,40,0.664,Repulsión
infrahumano,30,30,20,20,0.431,Repulsión
inframundo,10,30,30,30,0.597,Repulsión
injuriante,30,20,20,30,0.498,Repulsión
injuriar,10,30,30,30,0.597,Repulsión
injurioso,10,30,30,30,0.597,Repulsión
inmoral,20,20,20,40,0.598,Repulsión
inmundo,0,0,20,80,0.932,Repulsión
inquina,10,30,10,50,0.665,Repulsión
insubordinar,30,50,0,20,0.365,Repulsión
insultante,10,0,50,40,0.73,Repulsión
insulto,10,0,40,50,0.764,Repulsión
insurrección,50,20,30,0,0.264,Repulsión
insurreccionar,50,20,30,0,0.264,Repulsión
intranquilo,70,20,10,0,0.132,Repulsión
lepra,10,10,20,60,0.765,Repulsión
licencioso,10,20,40,30,0.63,Repulsión
mal,20,20,20,40,0.598,Repulsión
malasangre,0,20,20,60,0.798,Repulsión
malquerencia,0,20,20,60,0.798,Repulsión
malvado,0,20,20,60,0.798,Repulsión
mancha,10,40,40,10,0.496,Repulsión
manía,30,60,10,0,0.264,Repulsión
marrano,0,40,20,40,0.664,Repulsión
mefítico,10,20,30,40,0.664,Repulsión
moco,0,20,20,60,0.798,Repulsión
mórbido,50,0,30,20,0.398,Repulsión
morboso,0,20,40,40,0.73,Repulsión
mosca,20,30,20,30,0.531,Repulsión
mugre,0,40,0,60,0.732,Repulsión
náusea,0,10,20,70,0.865,Repulsión
nauseabundamente,0,10,30,60,0.831,Repulsión
nauseabundo,0,10,20,70,0.865,Repulsión
nausear,0,10,30,60,0.831,Repulsión
náuseas,0,0,30,70,0.898,Repulsión
nefasto,0,10,30,60,0.831,Repulsión
obsceno,10,0,40,50,0.764,Repulsión
odio,0,20,30,50,0.764,Repulsión
odiosamente,0,20,40,40,0.73,Repulsión
odioso,0,20,30,50,0.764,Repulsión
ofender,0,30,30,40,0.697,Repulsión
ofensivo,0,30,30,40,0.697,Repulsión
ojeriza,0,20,60,20,0.662,Repulsión
oponer,30,30,40,0,0.363,Repulsión
orina,10,30,40,20,0.563,Repulsión
patológico,50,20,10,20,0.332,Repulsión
pecaminoso,20,40,20,20,0.464,Repulsión
pedo,0,10,20,70,0.865,Repulsión
pérfido,10,20,0,70,0.766,Repulsión
perinquina,0,10,50,40,0.763,Repulsión
perverso,10,20,20,50,0.698,Repulsión
pervertir,10,20,20,50,0.698,Repulsión
pésimo,0,40,30,30,0.63,Repulsión
peste,0,0,40,60,0.864,Repulsión
pestilente,0,0,40,60,0.864,Repulsión
podrido,0,10,40,50,0.797,Repulsión
podrir,0,20,30,50,0.764,Repulsión
popo,0,10,40,50,0.797,Repulsión
pornográfico,0,30,40,30,0.663,Repulsión
procaz,20,30,10,40,0.565,Repulsión
protervo,10,20,30,40,0.664,Repulsión
puaf,70,10,20,0,0.165,Repulsión
puercamente,0,0,40,60,0.864,Repulsión
puerco,0,10,50,40,0.763,Repulsión
pus,0,30,10,60,0.765,Repulsión
putrefacción,0,10,20,70,0.865,Repulsión
putrefacción,0,10,20,70,0.865,Repulsión
putrido,0,10,20,70,0.865,Repulsión
rabia,0,10,50,40,0.763,Repulsión
rastrero,20,20,30,30,0.564,Repulsión
rata,20,30,20,30,0.531,Repulsión
rechazamiento,10,20,30,40,0.664,Repulsión
rechazar,0,20,40,40,0.73,Repulsión
rechazo,0,20,50,30,0.696,Repulsión
reherir,10,10,60,20,0.629,Repulsión
rencor,0,0,50,50,0.83,Repulsión
repeler,0,30,30,40,0.697,Repulsión
repelo,10,20,30,40,0.664,Repulsión
repudiable,0,0,30,70,0.898,Repulsión
repudiar,0,0,30,70,0.898,Repulsión
repudio,0,0,30,70,0.898,Repulsión
repugnadamente,0,0,20,80,0.932,Repulsión
repugnancia,0,0,20,80,0.932,Repulsión
repugnante,0,0,20,80,0.932,Repulsión
repugnantemente,0,0,20,80,0.932,Repulsión
repugnar,0,0,20,80,0.932,Repulsión
repulsar,0,0,20,80,0.932,Repulsión
repulsión,0,0,10,90,0.966,Repulsión
repulsivamente,0,0,0,100,1,Repulsión
repulsivo,0,0,0,100,1,Repulsión
rufián,0,30,30,40,0.697,Repulsión
ruin,0,30,20,50,0.731,Repulsión
sangre,30,40,20,10,0.364,Repulsión
sangriento,10,40,40,10,0.496,Repulsión
secreción,10,10,40,40,0.697,Repulsión
sórdido,0,30,30,40,0.697,Repulsión
submundo,20,40,10,30,0.498,Repulsión
sucio,0,20,40,40,0.73,Repulsión
tirria,0,30,50,20,0.629,Repulsión
tripas,10,50,30,10,0.463,Repulsión
ultrajante,0,40,40,20,0.596,Repulsión
usgo,0,30,10,60,0.765,Repulsión
vejar,0,40,20,40,0.664,Repulsión
vil,0,20,50,30,0.696,Repulsión
víscera,10,30,20,40,0.631,Repulsión
viscoso,20,40,20,20,0.464,Repulsión
vomito,0,10,10,80,0.899,Repulsión
zaherir,0,30,30,40,0.697,Repulsión
zahiriente,0,30,20,50,0.731,Repulsión
abierto,50,20,20,10,0.298,Sorpresa
abobamiento,60,30,0,10,0.199,Sorpresa
abobar,50,20,20,10,0.298,Sorpresa
acertijo,20,30,20,30,0.531,Sorpresa
acojonante,10,0,50,40,0.73,Sorpresa
adivinanza,30,20,20,30,0.498,Sorpresa
admirable,10,0,50,40,0.73,Sorpresa
admirablemente,10,10,50,30,0.663,Sorpresa
admiracion,20,0,40,40,0.664,Sorpresa
admiración,10,0,40,50,0.764,Sorpresa
admirar,10,0,50,40,0.73,Sorpresa
agenciar,60,20,20,0,0.198,Sorpresa
alcanzar,50,30,10,10,0.265,Sorpresa
alelamiento,40,60,0,0,0.198,Sorpresa
alelar,60,40,0,0,0.132,Sorpresa
anonadamiento,10,10,20,60,0.765,Sorpresa
anonadar,10,10,30,50,0.731,Sorpresa
apoteósico,20,20,20,40,0.598,Sorpresa
arrocinar,60,30,10,0,0.165,Sorpresa
asombramiento,0,0,20,80,0.932,Sorpresa
asombrar,0,0,10,90,0.966,Sorpresa
asombro,0,0,10,90,0.966,Sorpresa
asombrosamente,0,0,10,90,0.966,Sorpresa
asombroso,0,0,10,90,0.966,Sorpresa
atarantar,70,20,10,0,0.132,Sorpresa
atolondrar,60,30,0,10,0.199,Sorpresa
atónito,10,10,10,70,0.799,Sorpresa
atontamiento,50,40,0,10,0.232,Sorpresa
atontar,50,40,0,10,0.232,Sorpresa
atrapar,30,10,50,10,0.463,Sorpresa
atronar,50,30,10,10,0.265,Sorpresa
aturdimiento,50,50,0,0,0.165,Sorpresa
aturdir,50,50,0,0,0.165,Sorpresa
aturrullar,60,30,10,0,0.165,Sorpresa
aturullar,60,30,10,0,0.165,Sorpresa
batir,90,0,10,0,0.066,Sorpresa
bizco,60,10,20,10,0.265,Sorpresa
bobalicón,80,20,0,0,0.066,Sorpresa
bobo,70,30,0,0,0.099,Sorpresa
bombo,40,30,20,10,0.331,Sorpresa
boquiabierto,10,10,10,70,0.799,Sorpresa
bruto,70,10,20,0,0.165,Sorpresa
chasco,50,10,10,30,0.399,Sorpresa
coger,20,30,50,0,0.429,Sorpresa
confundir,30,60,10,0,0.264,Sorpresa
confusión,30,60,10,0,0.264,Sorpresa
conmoción,10,30,20,40,0.631,Sorpresa
conmocionar,0,30,40,30,0.663,Sorpresa
conseguir,40,20,40,0,0.33,Sorpresa
consternación,20,30,40,10,0.463,Sorpresa
consternar,30,20,40,10,0.43,Sorpresa
conturbar,20,20,10,50,0.632,Sorpresa
descomunalmente,0,20,20,60,0.798,Sorpresa
desconcertar,10,20,30,40,0.664,Sorpresa
desconcierto,20,10,30,40,0.631,Sorpresa
descuidar,30,30,40,0,0.363,Sorpresa
deslumbramiento,10,30,30,30,0.597,Sorpresa
deslumbrantemente,0,40,20,40,0.664,Sorpresa
deslumbrar,0,40,20,40,0.664,Sorpresa
desmayar,10,40,30,20,0.53,Sorpresa
desmayo,10,40,30,20,0.53,Sorpresa
despampanante,10,10,0,80,0.833,Sorpresa
despistar,40,30,30,0,0.297,Sorpresa
desprevenido,0,10,80,10,0.661,Sorpresa
distraído,30,10,50,10,0.463,Sorpresa
embobamiento,60,40,0,0,0.132,Sorpresa
embobar,70,30,0,0,0.099,Sorpresa
embobecer,60,30,10,0,0.165,Sorpresa
embrutecer,70,10,20,0,0.165,Sorpresa
encandilar,10,30,30,30,0.597,Sorpresa
enigma,30,10,20,40,0.565,Sorpresa
enmudecer,20,0,40,40,0.664,Sorpresa
entontecer,50,40,10,0,0.198,Sorpresa
entontecimiento,70,30,0,0,0.099,Sorpresa
espantar,0,10,30,60,0.831,Sorpresa
espanto,0,10,30,60,0.831,Sorpresa
estólido,70,30,0,0,0.099,Sorpresa
estrellas,60,20,10,10,0.232,Sorpresa
estruendo,20,30,30,20,0.497,Sorpresa
estupefacción,10,0,30,60,0.798,Sorpresa
estupefacto,0,10,10,80,0.899,Sorpresa
estupendamente,10,20,30,40,0.664,Sorpresa
estupendo,10,20,20,50,0.698,Sorpresa
estúpido,70,30,0,0,0.099,Sorpresa
estupor,0,30,10,60,0.765,Sorpresa
exclamación,30,10,40,20,0.497,Sorpresa
extrañar,50,40,10,0,0.198,Sorpresa
extrañeza,20,40,20,20,0.464,Sorpresa
extraordinario,20,10,20,50,0.665,Sorpresa
fabuloso,10,30,30,30,0.597,Sorpresa
fantásticamente,0,20,50,30,0.696,Sorpresa
fantástico,0,10,50,40,0.763,Sorpresa
fascinacion,10,10,50,30,0.663,Sorpresa
fascinante,0,20,40,40,0.73,Sorpresa
frustrar,70,10,20,0,0.165,Sorpresa
golpe,60,10,20,10,0.265,Sorpresa
grandioso,10,20,40,30,0.63,Sorpresa
gritar,0,40,60,0,0.528,Sorpresa
grito,0,40,60,0,0.528,Sorpresa
horrible,10,50,40,0,0.429,Sorpresa
idiotizar,70,30,0,0,0.099,Sorpresa
imbécil,90,10,0,0,0.033,Sorpresa
impactar,10,20,10,60,0.732,Sorpresa
impresión,10,10,30,50,0.731,Sorpresa
impresionante,0,10,10,80,0.899,Sorpresa
impresionar,0,10,20,70,0.865,Sorpresa
inaudito,0,10,10,80,0.899,Sorpresa
increible,0,0,10,90,0.966,Sorpresa
increíblemente,0,10,10,80,0.899,Sorpresa
inepto,80,20,0,0,0.066,Sorpresa
interrogante,40,40,10,10,0.298,Sorpresa
interrogar,30,50,10,10,0.331,Sorpresa
intrigar,20,30,50,0,0.429,Sorpresa
lelo,80,20,0,0,0.066,Sorpresa
llegar,60,30,10,0,0.165,Sorpresa
llevar,70,20,10,0,0.132,Sorpresa
macanudo,0,20,40,40,0.73,Sorpresa
maravilla,0,10,10,80,0.899,Sorpresa
maravillar,0,0,30,70,0.898,Sorpresa
maravillosamente,0,0,20,80,0.932,Sorpresa
maravilloso,0,0,10,90,0.966,Sorpresa
miedo,30,50,20,0,0.297,Sorpresa
milagro,0,20,30,50,0.764,Sorpresa
mirífico,0,10,0,90,0.933,Sorpresa
misterio,40,30,20,10,0.331,Sorpresa
mistificar,70,20,10,0,0.132,Sorpresa
mudo,60,20,20,0,0.198,Sorpresa
nefando,80,20,0,0,0.066,Sorpresa
noqueado,30,50,20,0,0.297,Sorpresa
noquear,40,50,10,0,0.231,Sorpresa
obtuso,80,20,0,0,0.066,Sorpresa
ofuscar,40,40,20,0,0.264,Sorpresa
pasmar,20,10,40,30,0.597,Sorpresa
pasmo,40,20,20,20,0.398,Sorpresa
pasmosamente,30,30,20,20,0.431,Sorpresa
pasmoso,20,20,30,30,0.564,Sorpresa
perplejidad,10,10,30,50,0.731,Sorpresa
perplejo,0,20,30,50,0.764,Sorpresa
portento,0,20,50,30,0.696,Sorpresa
portentosamente,20,0,50,30,0.63,Sorpresa
portentoso,0,20,50,30,0.696,Sorpresa
preguntar,40,60,0,0,0.198,Sorpresa
prodigiosamente,10,20,50,20,0.596,Sorpresa
prodigiosidad,10,30,40,20,0.563,Sorpresa
prodigioso,0,30,50,20,0.629,Sorpresa
quedar,50,0,50,0,0.33,Sorpresa
quimérico,30,40,20,10,0.364,Sorpresa
quisicosa,40,20,40,0,0.33,Sorpresa
recibir,30,40,20,10,0.364,Sorpresa
repente,10,20,40,30,0.63,Sorpresa
repentino,0,20,50,30,0.696,Sorpresa
rompecabezas,70,30,0,0,0.099,Sorpresa
shock,10,20,30,40,0.664,Sorpresa
shoqueado,10,10,30,50,0.731,Sorpresa
sobrecoger,40,10,40,10,0.397,Sorpresa
sobrecogimiento,40,10,30,20,0.431,Sorpresa
sobresalto,30,10,20,40,0.565,Sorpresa
sonso,80,20,0,0,0.066,Sorpresa
sorprendente,0,0,10,90,0.966,Sorpresa
sorprendentemente,0,0,20,80,0.932,Sorpresa
sorprender,0,0,10,90,0.966,Sorpresa
sorpresa,0,0,10,90,0.966,Sorpresa
sorpresivamente,0,0,10,90,0.966,Sorpresa
sorpresivo,0,0,10,90,0.966,Sorpresa
subito,10,0,70,20,0.662,Sorpresa
suspenso,10,30,50,10,0.529,Sorpresa
susto,0,30,40,30,0.663,Sorpresa
tambaleante,60,40,0,0,0.132,Sorpresa
tambalear,60,40,0,0,0.132,Sorpresa
titubeante,70,30,0,0,0.099,Sorpresa
titubear,70,30,0,0,0.099,Sorpresa
traspiés,90,10,0,0,0.033,Sorpresa
tremendo,20,30,50,0,0.429,Sorpresa
zonzo,80,20,0,0,0.066,Sorpresa
zopenco,80,20,0,0,0.066,Sorpresa
abajamiento,20,30,30,20,0.497,Tristeza
abajo,20,60,10,10,0.364,Tristeza
abandonamiento,0,10,20,70,0.865,Tristeza
abandonar,0,0,30,70,0.898,Tristeza
abatidamente,0,20,10,70,0.832,Tristeza
abatido,0,10,20,70,0.865,Tristeza
abatimiento,0,20,20,60,0.798,Tristeza
abatir,0,30,10,60,0.765,Tristeza
abochornar,50,20,30,0,0.264,Tristeza
abrumar,30,20,40,10,0.43,Tristeza
aburrir,30,60,10,0,0.264,Tristeza
aciago,10,30,40,20,0.563,Tristeza
acongojar,0,0,60,40,0.796,Tristeza
acuitadamente,0,70,20,10,0.463,Tristeza
acuitar,0,40,50,10,0.562,Tristeza
adolecer,0,50,30,20,0.563,Tristeza
adverso,30,20,30,20,0.464,Tristeza
aflicción,0,20,30,50,0.764,Tristeza
afligidamente,0,0,50,50,0.83,Tristeza
afligido,0,0,50,50,0.83,Tristeza
afligir,0,0,60,40,0.796,Tristeza
agobiado,0,20,30,50,0.764,Tristeza
agobiante,0,20,40,40,0.73,Tristeza
agobiantemente,0,20,40,40,0.73,Tristeza
agobiar,0,30,30,40,0.697,Tristeza
agraviar,30,50,10,10,0.331,Tristeza
aguantar,30,40,20,10,0.364,Tristeza
aherrojar,50,40,10,0,0.198,Tristeza
ahogo,10,50,30,10,0.463,Tristeza
alicaído,20,40,20,20,0.464,Tristeza
aliquebrado,10,50,20,20,0.497,Tristeza
alma,50,50,0,0,0.165,Tristeza
amargo,40,40,20,0,0.264,Tristeza
amargura,20,0,80,0,0.528,Tristeza
amurriar,10,10,40,40,0.697,Tristeza
angustia,0,10,50,40,0.763,Tristeza
angustiadamente,0,30,30,40,0.697,Tristeza
angustiar,0,10,60,30,0.729,Tristeza
angustioso,0,10,50,40,0.763,Tristeza
aniquilar,0,70,20,10,0.463,Tristeza
añicos,0,70,20,10,0.463,Tristeza
apabullar,10,50,40,0,0.429,Tristeza
apenar,20,50,20,10,0.397,Tristeza
apiadarse,30,20,30,20,0.464,Tristeza
aplanar,70,20,0,10,0.166,Tristeza
aplastar,60,20,10,10,0.232,Tristeza
aquejar,20,30,30,20,0.497,Tristeza
arrastradamente,40,30,30,0,0.297,Tristeza
arrastrar,60,20,20,0,0.198,Tristeza
arrepentimiento,10,40,50,0,0.462,Tristeza
arrepentir,10,40,50,0,0.462,Tristeza
asolar,10,40,30,20,0.53,Tristeza
atormentadamente,10,40,40,10,0.496,Tristeza
atormentar,10,40,30,20,0.53,Tristeza
atribular,10,30,50,10,0.529,Tristeza
atrición,10,30,60,0,0.495,Tristeza
avergonzar,20,70,10,0,0.297,Tristeza
bajo,40,40,20,0,0.264,Tristeza
cabizbajo,0,0,30,70,0.898,Tristeza
cabizcaído,0,0,30,70,0.898,Tristeza
caer,10,20,70,0,0.528,Tristeza
caerse,10,40,50,0,0.462,Tristeza
caída,20,10,60,10,0.529,Tristeza
caído,10,20,70,0,0.528,Tristeza
calvario,0,10,50,40,0.763,Tristeza
cancamurria,10,10,10,70,0.799,Tristeza
carcel,10,20,50,20,0.596,Tristeza
carecer,0,50,40,10,0.529,Tristeza
cargar,40,20,40,0,0.33,Tristeza
castigo,0,30,60,10,0.595,Tristeza
cetrino,60,30,10,0,0.165,Tristeza
compadecer,10,40,20,30,0.564,Tristeza
compasión,0,40,30,30,0.63,Tristeza
compasivo,0,40,30,30,0.63,Tristeza
compunción,20,40,20,20,0.464,Tristeza
compungidamente,40,30,20,10,0.331,Tristeza
compungir,20,50,20,10,0.397,Tristeza
condolencia,0,0,60,40,0.796,Tristeza
condoler,0,0,60,40,0.796,Tristeza
confuso,40,50,10,0,0.231,Tristeza
congoja,20,20,50,10,0.496,Tristeza
congojoso,10,30,50,10,0.529,Tristeza
consternación,0,30,60,10,0.595,Tristeza
contrición,10,50,40,0,0.429,Tristeza
contristar,0,30,40,30,0.663,Tristeza
contrito,0,40,30,30,0.63,Tristeza
crisis,0,20,50,30,0.696,Tristeza
cuita,0,20,40,40,0.73,Tristeza
cuitado,20,10,40,30,0.597,Tristeza
culpa,20,20,20,40,0.598,Tristeza
culpabilidad,10,30,20,40,0.631,Tristeza
culpable,20,30,10,40,0.565,Tristeza
culpado,10,30,20,40,0.631,Tristeza
culposo,10,30,20,40,0.631,Tristeza
dañino,10,20,60,10,0.562,Tristeza
debilitar,20,60,20,0,0.33,Tristeza
decaer,0,10,60,30,0.729,Tristeza
decaído,0,10,30,60,0.831,Tristeza
decaimiento,0,10,40,50,0.797,Tristeza
decepción,0,0,30,70,0.898,Tristeza
decepcionar,0,0,30,70,0.898,Tristeza
defectuoso,20,60,20,0,0.33,Tristeza
deficiente,20,50,30,0,0.363,Tristeza
dejarse,70,10,0,20,0.233,Tristeza
dejazón,70,20,0,10,0.166,Tristeza
deplorable,0,50,30,20,0.563,Tristeza
deplorablemente,0,50,30,20,0.563,Tristeza
deplorar,10,40,30,20,0.53,Tristeza
depresión,0,0,30,70,0.898,Tristeza
depresivo,0,0,30,70,0.898,Tristeza
deprimente,0,0,30,70,0.898,Tristeza
deprimir,0,0,40,60,0.864,Tristeza
derribado,10,30,40,20,0.563,Tristeza
derribar,30,30,20,20,0.431,Tristeza
derrota,0,20,30,50,0.764,Tristeza
desafortunado,0,0,30,70,0.898,Tristeza
desalentadamente,0,10,40,50,0.797,Tristeza
desalentar,0,20,30,50,0.764,Tristeza
desaliento,0,10,40,50,0.797,Tristeza
desalojar,10,40,40,10,0.496,Tristeza
desamparar,0,30,50,20,0.629,Tristeza
desamparo,0,40,40,20,0.596,Tristeza
desanimado,0,10,60,30,0.729,Tristeza
desanimar,0,10,60,30,0.729,Tristeza
desánimo,0,0,70,30,0.762,Tristeza
desaquellar,0,40,40,20,0.596,Tristeza
desarrapado,40,60,0,0,0.198,Tristeza
desastrado,50,40,0,10,0.232,Tristeza
desazón,60,30,10,0,0.165,Tristeza
desazonar,60,30,10,0,0.165,Tristeza
descaecimiento,40,30,20,10,0.331,Tristeza
descomponer,30,60,10,0,0.264,Tristeza
desconsolado,0,0,50,50,0.83,Tristeza
desconsolador,0,20,40,40,0.73,Tristeza
desconsolar,0,20,40,40,0.73,Tristeza
desconsuelo,0,0,50,50,0.83,Tristeza
descontento,20,50,20,10,0.397,Tristeza
descorazonamiento,10,60,20,10,0.43,Tristeza
descorazonar,10,50,30,10,0.463,Tristeza
descuajar,50,40,10,0,0.198,Tristeza
desdicha,0,0,50,50,0.83,Tristeza
desdichado,0,0,50,50,0.83,Tristeza
desengaño,0,30,40,30,0.663,Tristeza
desesperación,20,40,20,20,0.464,Tristeza
desesperadamente,20,40,20,20,0.464,Tristeza
desesperanza,10,20,20,50,0.698,Tristeza
desesperanzar,10,0,40,50,0.764,Tristeza
desesperar,50,20,10,20,0.332,Tristeza
desestimar,60,10,20,10,0.265,Tristeza
desestimular,50,20,30,0,0.264,Tristeza
desfallecer,20,30,50,0,0.429,Tristeza
desfallecimiento,20,30,50,0,0.429,Tristeza
desgarrador,20,20,30,30,0.564,Tristeza
desgarro,30,30,30,10,0.397,Tristeza
desgastar,40,30,10,20,0.365,Tristeza
desgracia,0,0,50,50,0.83,Tristeza
desgraciar,10,0,50,40,0.73,Tristeza
deshecho,10,50,10,30,0.531,Tristeza
deshincharse,70,30,0,0,0.099,Tristeza
deshonrar,10,50,40,0,0.429,Tristeza
desierto,70,30,0,0,0.099,Tristeza
desinflar,40,60,0,0,0.198,Tristeza
deslucir,60,40,0,0,0.132,Tristeza
desmadejado,60,30,10,0,0.165,Tristeza
desmalazado,40,40,20,0,0.264,Tristeza
desmayadamente,60,40,0,0,0.132,Tristeza
desmayado,60,40,0,0,0.132,Tristeza
desmayar,70,30,0,0,0.099,Tristeza
desmedrar,60,30,10,0,0.165,Tristeza
desmoralización,20,10,60,10,0.529,Tristeza
desmoralizador,0,30,60,10,0.595,Tristeza
desmoralizante,0,30,60,10,0.595,Tristeza
desmoralizar,10,20,60,10,0.562,Tristeza
desmotivar,0,0,70,30,0.762,Tristeza
desolación,0,0,70,30,0.762,Tristeza
desolar,0,10,60,30,0.729,Tristeza
despojar,0,60,30,10,0.496,Tristeza
desposeer,40,30,30,0,0.297,Tristeza
desprivar,50,20,30,0,0.264,Tristeza
desprotección,40,40,20,0,0.264,Tristeza
desprotegido,30,30,40,0,0.363,Tristeza
destartalado,10,80,10,0,0.33,Tristeza
destrozo,0,40,50,10,0.562,Tristeza
desventura,0,10,60,30,0.729,Tristeza
desventurado,10,10,60,20,0.629,Tristeza
devastar,0,20,30,50,0.764,Tristeza
doler,10,0,40,50,0.764,Tristeza
doliente,10,0,20,70,0.832,Tristeza
dolor,10,0,20,70,0.832,Tristeza
dolorido,10,0,20,70,0.832,Tristeza
doloroso,10,0,10,80,0.866,Tristeza
duelo,30,10,40,20,0.497,Tristeza
echar,70,30,0,0,0.099,Tristeza
encoger,40,40,20,0,0.264,Tristeza
encuitar,60,20,10,10,0.232,Tristeza
enervar,50,30,20,0,0.231,Tristeza
enfermedad,0,30,50,20,0.629,Tristeza
enflaquecer,10,30,40,20,0.563,Tristeza
enlutar,0,10,40,50,0.797,Tristeza
ensombrecer,0,30,30,40,0.697,Tristeza
entristecedor,0,10,10,80,0.899,Tristeza
entristecer,0,0,20,80,0.932,Tristeza
entristecimiento,0,10,10,80,0.899,Tristeza
escarmentar,20,70,0,10,0.331,Tristeza
escasez,20,60,0,20,0.398,Tristeza
escaso,30,50,0,20,0.365,Tristeza
esplín,50,0,10,40,0.466,Tristeza
estragar,60,30,10,0,0.165,Tristeza
flaquear,10,60,30,0,0.396,Tristeza
flaqueza,20,50,30,0,0.363,Tristeza
flébil,10,10,40,40,0.697,Tristeza
frío,40,60,0,0,0.198,Tristeza
frustación,20,40,40,0,0.396,Tristeza
fúnebre,10,0,60,30,0.696,Tristeza
fúnebremente,10,0,70,20,0.662,Tristeza
funeral,0,10,50,40,0.763,Tristeza
funerario,10,0,40,50,0.764,Tristeza
funesto,10,50,20,20,0.497,Tristeza
grave,10,50,30,10,0.463,Tristeza
gris,20,20,30,30,0.564,Tristeza
hambre,40,30,20,10,0.331,Tristeza
huérfano,0,20,30,50,0.764,Tristeza
humilde,20,40,40,0,0.396,Tristeza
humillar,10,40,40,10,0.496,Tristeza
hundido,20,20,50,10,0.496,Tristeza
hundir,40,0,40,20,0.464,Tristeza
hundírsele,60,10,10,20,0.299,Tristeza
imperfecto,40,50,10,0,0.231,Tristeza
impotencia,10,40,30,20,0.53,Tristeza
impotente,30,20,30,20,0.464,Tristeza
inconforme,40,20,40,0,0.33,Tristeza
inconformidad,50,20,30,0,0.264,Tristeza
inconsolable,20,0,20,60,0.732,Tristeza
indigente,30,40,10,20,0.398,Tristeza
infausto,10,40,30,20,0.53,Tristeza
infectar,30,50,20,0,0.297,Tristeza
infedelidad,20,10,40,30,0.597,Tristeza
infelicidad,0,0,30,70,0.898,Tristeza
infeliz,0,0,10,90,0.966,Tristeza
inferior,40,40,20,0,0.264,Tristeza
infortunado,0,20,40,40,0.73,Tristeza
infortunio,0,10,60,30,0.729,Tristeza
inhabitado,30,40,30,0,0.33,Tristeza
injusticia,10,40,40,10,0.496,Tristeza
inmoral,30,20,30,20,0.464,Tristeza
innoble,30,10,50,10,0.463,Tristeza
inquietud,60,10,30,0,0.231,Tristeza
insatisfacción,50,10,40,0,0.297,Tristeza
insatisfecho,50,10,30,10,0.331,Tristeza
lacerar,10,30,50,10,0.529,Tristeza
laceria,10,50,30,10,0.463,Tristeza
lacrimoso,10,20,40,30,0.63,Tristeza
lágrima,0,10,50,40,0.763,Tristeza
lagrimar,0,10,50,40,0.763,Tristeza
lágrimas,0,10,50,40,0.763,Tristeza
lagrimear,0,0,70,30,0.762,Tristeza
lagrimoso,0,20,60,20,0.662,Tristeza
laido,20,20,40,20,0.53,Tristeza
lamentable,10,10,60,20,0.629,Tristeza
lamentablemente,20,10,40,30,0.597,Tristeza
lamentar,0,10,60,30,0.729,Tristeza
lamento,0,10,60,30,0.729,Tristeza
lamentoso,0,10,60,30,0.729,Tristeza
lánguidamente,0,60,30,10,0.496,Tristeza
lánguido,10,40,40,10,0.496,Tristeza
larga,80,20,0,0,0.066,Tristeza
lastima,0,20,40,40,0.73,Tristeza
lastimeramente,10,0,60,30,0.696,Tristeza
lastimero,10,0,50,40,0.73,Tristeza
lastimoso,0,10,50,40,0.763,Tristeza
llanto,0,10,20,70,0.865,Tristeza
llorar,0,10,20,70,0.865,Tristeza
llorón,0,10,50,40,0.763,Tristeza
lloroso,0,10,40,50,0.797,Tristeza
lóbregamente,10,50,30,10,0.463,Tristeza
lóbrego,20,40,20,20,0.464,Tristeza
luctuosamente,0,0,50,50,0.83,Tristeza
luctuoso,0,0,30,70,0.898,Tristeza
lúgubre,0,10,20,70,0.865,Tristeza
lugubres,0,10,20,70,0.865,Tristeza
luto,0,0,20,80,0.932,Tristeza
lutoso,0,0,20,80,0.932,Tristeza
macabro,60,30,0,10,0.199,Tristeza
mal,40,10,30,20,0.431,Tristeza
malandante,20,50,30,0,0.363,Tristeza
malaventurado,10,20,40,30,0.63,Tristeza
malcontento,20,10,50,20,0.563,Tristeza
maldito,20,80,0,0,0.264,Tristeza
malhadado,0,50,40,10,0.529,Tristeza
malhumorar,40,30,30,0,0.297,Tristeza
malo,50,30,10,10,0.265,Tristeza
maltrecho,30,40,30,0,0.33,Tristeza
melancolía,0,10,20,70,0.865,Tristeza
melancólicamente,0,10,20,70,0.865,Tristeza
melancólico,0,10,20,70,0.865,Tristeza
menesteroso,0,60,40,0,0.462,Tristeza
menguante,70,30,0,0,0.099,Tristeza
mezquinamente,40,50,10,0,0.231,Tristeza
mezquindad,30,70,0,0,0.231,Tristeza
miserable,0,20,70,10,0.628,Tristeza
miserablemente,0,10,80,10,0.661,Tristeza
míseramente,0,40,40,20,0.596,Tristeza
miseria,0,40,40,20,0.596,Tristeza
mísero,0,40,50,10,0.562,Tristeza
misérrimamente,10,50,30,10,0.463,Tristeza
molestar,60,40,0,0,0.132,Tristeza
morriña,30,20,10,40,0.532,Tristeza
muerte,0,10,20,70,0.865,Tristeza
muerto,0,30,20,50,0.731,Tristeza
mustiamente,50,20,20,10,0.298,Tristeza
mustio,50,10,20,20,0.365,Tristeza
necesitado,20,30,30,20,0.497,Tristeza
nefasto,30,40,30,0,0.33,Tristeza
negro,40,60,0,0,0.198,Tristeza
nocturno,90,10,0,0,0.033,Tristeza
nostálgico,0,10,30,60,0.831,Tristeza
obscuridad,40,50,0,10,0.265,Tristeza
obscuro,40,50,0,10,0.265,Tristeza
onerosamente,50,50,0,0,0.165,Tristeza
opacidad,50,20,30,0,0.264,Tristeza
opresión,40,40,20,0,0.264,Tristeza
opresivamente,10,60,30,0,0.396,Tristeza
opresivo,10,70,20,0,0.363,Tristeza
oprimente,10,60,30,0,0.396,Tristeza
oprimir,50,40,10,0,0.198,Tristeza
oscuramente,90,10,0,0,0.033,Tristeza
oscurecer,80,20,0,0,0.066,Tristeza
oscuridad,70,30,0,0,0.099,Tristeza
oscuro,80,20,0,0,0.066,Tristeza
padecer,10,50,40,0,0.429,Tristeza
padecimiento,10,50,40,0,0.429,Tristeza
panteón,0,50,30,20,0.563,Tristeza
partir,10,20,50,20,0.596,Tristeza
patético,60,30,10,0,0.165,Tristeza
paupérrimamente,50,40,0,10,0.232,Tristeza
paupérrimo,60,20,10,10,0.232,Tristeza
pena,0,10,70,20,0.695,Tristeza
penalidad,40,30,20,10,0.331,Tristeza
penar,0,20,70,10,0.628,Tristeza
penitencia,0,60,30,10,0.496,Tristeza
penitente,0,60,30,10,0.496,Tristeza
penosamente,20,40,40,0,0.396,Tristeza
penoso,20,50,30,0,0.363,Tristeza
penumbra,30,40,20,10,0.364,Tristeza
perder,10,10,60,20,0.629,Tristeza
pérdida,0,0,40,60,0.864,Tristeza
perseguir,40,50,10,0,0.231,Tristeza
perverso,60,40,0,0,0.132,Tristeza
pesadumbre,0,60,30,10,0.496,Tristeza
pesar,10,20,60,10,0.562,Tristeza
pesaroso,20,20,50,10,0.496,Tristeza
pesimismo,30,10,60,0,0.429,Tristeza
pisotear,20,60,20,0,0.33,Tristeza
pobre,0,60,40,0,0.462,Tristeza
pobremente,20,40,40,0,0.396,Tristeza
pobrete,30,30,40,0,0.363,Tristeza
pobreto,40,10,50,0,0.363,Tristeza
pobreza,20,40,40,0,0.396,Tristeza
podrir,30,50,20,0,0.297,Tristeza
preocupar,20,20,60,0,0.462,Tristeza
presionar,40,40,20,0,0.264,Tristeza
privar,0,60,30,10,0.496,Tristeza
quebranto,0,20,70,10,0.628,Tristeza
reducir,70,30,0,0,0.099,Tristeza
remordimiento,10,10,70,10,0.595,Tristeza
ruina,20,40,30,10,0.43,Tristeza
serio,60,40,0,0,0.132,Tristeza
soledad,0,10,50,40,0.763,Tristeza
solitario,0,0,50,50,0.83,Tristeza
sollozar,10,0,30,60,0.798,Tristeza
solo,0,10,60,30,0.729,Tristeza
sombrío,10,70,10,10,0.397,Tristeza
sufrimiento,0,0,30,70,0.898,Tristeza
sufrir,0,0,30,70,0.898,Tristeza
sumisamente,0,80,10,10,0.43,Tristeza
taciturnidad,20,50,10,20,0.431,Tristeza
taciturno,10,60,10,20,0.464,Tristeza
temor,60,20,20,0,0.198,Tristeza
tenebrosamente,60,20,20,0,0.198,Tristeza
tenebrosidad,70,20,10,0,0.132,Tristeza
tenebroso,70,20,10,0,0.132,Tristeza
tétrico,60,30,0,10,0.199,Tristeza
tormento,10,40,30,20,0.53,Tristeza
triste,0,0,10,90,0.966,Tristeza
tristemente,0,0,10,90,0.966,Tristeza
tristeza,0,0,10,90,0.966,Tristeza
trizas,30,20,30,20,0.464,Tristeza
vejación,30,50,20,0,0.297,Tristeza
vejar,20,40,40,0,0.396,Tristeza
vergonzoso,40,50,10,0,0.231,Tristeza
zangarriana,20,20,40,20,0.53,Tristeza
